{
    "visaID": "visa4.20.5",
    "visaType": "visa4.20",
    "visaName": "Pacific Australia Labour Mobility stream",
    "link_crawl": "https://immi.homeaffairs.gov.au/visas/getting-a-visa/visa-listing/temporary-work-403/pacific-australia-labour-mobility-stream",
    "content": "\n1. Temporary Work (International Relations) visa (subclass 403)\n2. Pacific Australia Labour Mobility stream\n3. For Applicants\n4. For Sponsors\nYou can stay until the time we specify in your visa grant notice. This may be up to 4 years.\nFrom AUD345.00\nFor an indication of processing times for this visa, use the visa processing time guide tool. This will show the processing times for recently decided applications. It is a guide only and not specific to your application.\nSee all conditions\nIf you are getting help with your visa, before you pay someone, read information on Who can help with your visa application.\n5. With this visa, you can\n6. How long you can stay\nThis is a temporary visa.\nThe visa starts:\nYour visa grant letter will tell you how long you can stay and any conditions of your stay.\nThe visa will be valid until a specified date. This may be up to 4 years. You must return home when your work contract ends, regardless of the length of your visa.\nThe visa has multiple entry.\nYou can travel outside Australia and return as many times as you need. You must be holding a work contract under the PALM scheme and your visa must be valid.\nYou cannot spend more than 9 months in Australia if you have a short-term work contract under the PALM scheme.\nWhile we may grant your visa for 9 months, you must return home when your work contract ends. This is regardless of the length of the visa. You then must spend at least 3 months outside Australia before you can return under another PALM scheme work contract.\nShort-term workers who are granted a multi-year visa (up to 4 years) will have a condition on their visa which means they must return home after each short-term work contract.\nYou cannot spend more than 4 years in Australia if you have a long-term work contract.\nYour visa stay period will generally be the same as the length of your work contract with your PALM scheme employer.\nAfter each long-term work contract you must spend at least 6 months outside Australia before you can return under another PALM scheme work contract.\nFor more information see the PALM scheme.\n7. Stay longer\nUnder the PALM scheme Approved Employer Guidelines, you may be able to stay longer to keep working in the PALM scheme if you are a:\nYou can’t stay longer by extending your visa. You must apply for a new PALM stream visa.\nTo be eligible to apply for a PALM stream visa in Australia you must:\n8. Employment transfers\nAfter the grant of a PALM stream visa, you may only change employment if DEWR approves the change.\n9. Include family\nThe PALM scheme family accompaniment pilot allows selected PALM scheme workers on long-term contracts of between one and four years to bring their family to Australia.\nLearn more about the pilot, see Family accompaniment pilot - for workers | PALM scheme\nFamilies selected to participate in the pilot must apply as subsequent entrants to the PALM scheme worker’s Temporary Work (International Relations) (subclass 403) PALM stream visa.\nFamily members applying for this visa must:\nSelected PALM scheme workers will get more information with their family accompaniment selection notification letter about how their family can apply for the Temporary Work (International Relations) (subclass 403) visa.\nShort-term PALM scheme workers cannot bring their family to Australia on this visa.\n10. Cost\nThe visa costs:\nYou may also have to pay other costs for health checks and police certificates.\nTo work out what your visa will cost use the Visa Pricing Estimator. The estimator does not take into account the other costs.\n11. Apply from\nYou must be outside Australia when you apply and when we decide your visa application, unless you:\nIf you are in Australia, you can only apply for this visa if you are a:\n12. Processing times\nFor an indication of processing times for this visa, use the visa processing time guide tool. This will show the processing times for recently decided applications. It is a guide only and not specific to your application.\nYour application can take longer to process if:\nWe cannot process your application if you do not pay the visa application charge. We will notify you if this is the case.\n13. Your obligations\nWhile you hold a PALM stream visa you must:\nLearn more about conditions for this visa.\nTo view your visa details download the My VEVO app.\n14. Travel\nYou can travel outside Australia and return as many times as you need. You must be holding a work contract under the PALM scheme and your visa must be valid.\nThe time you spend outside Australia does not extend the visa.\n15. Visa label\nWe will electronically link your visa to your passport. You will not get a label in your passport.\nIf you get a new passport while you hold this visa you must tell the Department using your ImmiAccount.\nYou must be a citizen and resident of a participating PALM scheme country.\nFor more information see PALM scheme.\nYour sponsor must be:\nYour sponsor will provide you with their temporary activities sponsor application ID that you will need to lodge your online application.\nYou must meet our health requirement.\nYou must meet our character requirement.\nYou are personally liable for all your healthcare costs while you are in Australia. Medical insurance helps limit your financial liability.\nYou must have adequate health cover for the whole of your stay to be granted this visa. Your cover should cover you for medically necessary treatment, including transport.\nSee more about health insurance for overseas visitors.\nYou must only intend to:\nIf you owe the Australian Government money, you must have paid it back or have a formal arrangement to pay it back.\nWe will consider your immigration history when we decide on your application. This means you might not be eligible for this visa if you have had a visa cancelled or refused.\nIn some cases you may still apply for a permanent visa if you have had a visa cancelled or an application refused. See Limitations on applications in Australia.\nIf you are applying for a visa from outside Australia see Can I go to Australia.\nIf you want immigration help, see Who can help with your visa application.\nIf you apply to work in Australia, Australian workplace law protects you. See your workplace rights and entitlements.\nThe Pacific Australia Labour Mobility (PALM) scheme is a sponsored visa program managed by the Department of Employment and Workplace Relations (DEWR).\nBefore you lodge your visa application you must meet the eligibility requirements to participate in the PALM scheme.\nEligibility requirements include:\nFor more information see PALM scheme.\nYou must also receive:\nOnly some people can help you with your application. If you appoint someone to help you with immigration they must be:\nYou can appoint anyone to receive documents on your behalf relating to your visa matter. See authorised recipients.\nGive accurate information. See what happens if you can't prove your identity or don't provide true information.\nProvide the pages of your current passport showing your photo, personal details, and passport issue and expiry dates.\nIf you have changed your name, provide proof such as:\nProvide:\nIf your stay in Australia is for 12 months or more you will be required to provide Police Clearance Certificates to meet the character requirements of this visa.\nYour sponsor will give you a PALM scheme recruitment approval letter. This will include the PALM endorsement number that you will need to lodge your online application.\nProvide your offer of employment from your sponsor. This must include:\nYour employer needs to be a temporary activities sponsor. They must be approved by DEWR as a PALM scheme employer.\nEach sponsor will have a temporary activities sponsorship application ID or Transaction Reference Number (TRN). You will need this reference number from your sponsor to apply for your visa.\nTo nominate someone to:\nUpload your written notification or your forms to ImmiAccount.\nHave all non-English documents translated into English.\nProvide original and translated documents in your application.\nTranslators in Australia must be accredited by the National Accreditation Authority for Translators and Interpreters.\nTranslators outside Australia do not have to be accredited. But on each translation, they must include their:\nThese details must be in English.\nNote: You do not need to have any documents certified.\nScan or photograph all documents (English and non-English) in colour.\nThe scans and photos must be clear.\nIf a document is more than one page, save it all as one file.\nYou must apply for this visa online.\nProvide accurate information. See what happens if you can't prove your identity or don't provide true information.\nSee what you can and must do after you apply.\nWe will let you know when we have received your application.\nIf it is within standard processing times do not call. We can't provide any further updates on the application's progress.\nYou can check if we need more information from you in ImmiAccount.\nThis includes requests to undertake health examinations if required.\nDo not arrange to travel to Australia until we let you know, in writing, that we have granted you the visa.\nIf you are in Australia, you don't have to tell us if you want to travel outside Australia while we process your application. This is because you can be outside Australia when we make a decision.\nBut if you leave Australia, make sure you have a valid visa to return.\nLearn about visa expiry.\nYou might need to have health examinations. After you lodge your application you will be notified in ImmiAccount if you require any health examinations and how to arrange them.\nIf you are in Australia, make sure you stay lawful by holding a valid visa while we process your application.\nIf you applied for this visa in Australia and your application was assessed as valid, you were granted a bridging visa. If your current visa expires before we decide on your application, the bridging visa will start. You can stay in Australia on the bridging visa while we process your new visa application.\nLearn more about visa expiry.\nYou cannot bring your family to Australia with this visa.\nLet us know as soon as you can if you made a mistake on your application. You can notify the Department of any mistakes on your visa applicant through ImmiAccount.\nLet us know if you no longer want someone to:\nUpload your written notification or your forms to ImmiAccount.\nTell us if things change after you lodge your application but before we decide your visa.\nIf you lodged your PALM stream visa application outside of Australia, you must be outside of Australia when we decide your application.\nIf we grant your visa, we will tell you:\nKeep a copy of the decision.\nIf we refuse your visa, we will tell you:\nWe will not refund the application fee if we refuse your application.\nCheck for important information on Coming to Australia.\nYou must have a valid:\nAll people arriving in Australia must complete the Incoming Passenger Card. You will get a card on board.\nWe have an automated process that uses facial recognition technology and your ePassport. You may be able to leave the airport faster if you use SmartGate.\nYour visa will come with conditions attached to it. To see your conditions use VEVO.\nYou must meet all visa conditions and obey Australian laws.\nSee your conditions in your visa grant letter or VEVO.\nLearn more about visa conditions.\nIf you have permission to work, Australian workplace law protects you. See your workplace rights and entitlements.\nAfter the grant of a PALM stream visa, you may only change employment if DEWR approves the change.\nThings you need to tell us about include:\nSee what to do if your situation changes.\nYou can stay for the period specified on your visa.\nTo see when you must leave, use VEVO.\nUnder the PALM scheme Approved Employer Guidelines, you may be able to stay longer to keep working in the PALM scheme if you are a:\nYou can’t stay in Australia longer by extending this visa. You must apply for a new PALM stream visa.\nTo be eligible to apply for a PALM stream visa in Australia you must:\nYou can travel outside Australia and return as many times as you need. You must be holding a work contract under the PALM scheme and your visa must be valid.\nTime spent outside Australia does not extend your length of stay in Australia.\nTo prove you have a visa and show your conditions to someone, use VEVO.\nTo get proof of your travel in and out of Australia request your international movement records .\nIf you hold a PALM stream visa and have concerns about your employment you can contact the Department of Employment and Workplace Relations (DEWR) to discuss your options.\nFor information about minimum pay and conditions, and your employer’s obligations visit Fair Work Ombudsman.\nIf you know someone who might be involved in visa fraud, illegal work or exploitation you can:\nYou must have a valid passport or other travel document to leave Australia.\nSee what to do if your visa has expired or is about to expire.\nWe have an automated process that uses facial recognition technology and your ePassport. You may leave the airport faster if you use SmartGate.\nYou may have some money in a superannuation fund if you worked in Australia and you earnt AUD450 or more monthly before tax.\nSee how to access your super"
}