{
    "visaID": "visa7.13",
    "visaType": "visa7",
    "visaName": "Exchange visa (subclass 411)",
    "link_crawl": "https://immi.homeaffairs.gov.au/visas/getting-a-visa/visa-listing/repealed-visas/exchange-visa-subclass-411",
    "content": "Exchange visa (subclass 411)The Exchange visa (subclass 411) closed to new applications on 24 November 2012. You cannot apply for this visa.\n1. Visa holders\nThis information is for people who have already been granted an Exchange visa (subclass 411). It explains your rights and obligations.\nYou can use Visa Entitlement Verification Online (VEVO) for free to check your visa details and entitlements.\nYour visa is usually valid for the period of the nominated position, with a maximum period of two years.\nThis visa lets you:\nYou and your family must:\nYou must not:\nIf you stop working for your sponsor, you must:\nIf you want to change your position or employer, you are not required to apply for a new visa (unless your visa is close to expiry).\nBefore you can start a position with a new organisation, you must be nominated by your proposed new sponsor and have that nomination approved first.\nIf your visa is close to expiry\nIf your visa is close to expiry, you will need to:\nThe new sponsoring organisation will need to apply for approval as a long stay activity sponsor if it is not already an approved exchange sponsor or long stay activity sponsor.\nIf your visa is not close to expiry\nIf your visa is not close to expiry, to be able to work for the new organisation for the period remaining on your visa without having to apply for a new visa, you must:\nYour family cannot enter Australia before you.  When your visa ends, your family must leave Australia with you.\nThey must:\nYour family can work or study while their visa is valid.\nYou must tell us if your circumstances change.  This includes a new residential address, a new passport, or a pregnancy, birth, divorce, separation, marriage, de facto relationship or death in your family.\nPlease report changes in your circumstances via ImmiAccount.  If you are not able to use ImmiAccount, you can use the following forms:\nIf you do not provide us with the details of any new passport issued to you, you could experience significant delays at the airport and may be denied permission to board your plane.\n2. Sponsors\nThis information is for approved sponsors of people on an Exchange visa (subclass 411).  You cannot apply to sponsor applicants for this visa because it is no longer open to new applications.\nYou can use the visa finder to search for an appropriate visa.\nYou can use Visa Entitlement Verification Online (VEVO for Organisations) to check the visa details and entitlements of a person that you have sponsored.\nYour sponsorship is valid for up to three years, during which time you can sponsor exchange participants for a Temporary Work (Long Stay Activity) visa (subclass 401).\nIf you want to sponsor an exchange participant after that time, you will need to apply to be approved as a long stay activity sponsor which will allow you to sponsor applicants for the Temporary Work (Long Stay Activity) visa (subclass 401).\nIf the person you intend to sponsor is the holder of an Exchange visa (subclass 411) which is still valid, you may be able to sponsor them on this visa for the remainder of its validity.  You will need to nominate the person using the following form:\nYou must be able to comply with following sponsorship obligations.\nYou are responsible for meeting all your obligations, even if you have someone else authorised to act on your behalf, including a migration agent.\nYou must cooperate with inspectors appointed under the Migration Act 1958 (the Act) who are investigating whether:\nThis obligation:\nCooperating with inspectors can include (but is not limited to):\nYou must keep records that show you have complied with your sponsorship obligations. All records must be in a reproducible format and some must be capable of verification by an independent person.\nYou must keep a record of:\nThis obligation starts on the day the sponsorship is approved.\nThis obligation ends two years after both of the following:\nYou do not need to keep any records for more than five years.\nYou must provide records or information, if they are requested by a departmental officer that goes to determining whether:\nWe may ask you in writing to provide records or information which relate to your sponsorship obligations, and any other matters that relate to your sponsorship of visa holders. You must provide the records or information requested if it is a record or information that:\nThis obligation starts to apply on the day the sponsorship is approved or work agreement commences.\nThis obligation ends two years after:\nYou must tell us in writing when certain events occur. Send the information by registered post or electronic mail to a specified address and within certain timeframes of the event occurring.\nEvents where a sponsor must provide information to us include:\nThis obligation starts to apply on the day the standard business sponsorship is approved or the work agreement commences.\nThis obligation ends two years after:\nWhere to send a notice of an event or change\nYou must send details of these events by email or to one of our state or territory offices listed below.\nBy email (preferred): sponsor.notifications@homeaffairs.gov.au\nBy registered post:\nYou must ensure that the person you have sponsored participates only in the occupation, program or activity for which you nominated them. If you want to engage a visa holder for a different occupation, program or activity, you must lodge a new nomination application. This obligation starts on the day the person you have sponsored is granted a visa. If they already hold a visa when you nominate them, your obligation starts on the day the nomination is approved.\nThis obligation ends on the day (whichever is the earliest):\nYou must not take any action or seek to take any action that would result in the transfer or charging of costs (including migration agent costs) to another person, such as a sponsored visa holder or their sponsored family members this includes costs that relate to:\nThis obligation:\nSponsors are also required to pay certain costs associated with becoming a sponsor and not pass these costs, in any form, onto another person. These include:\nWhen the exchange is finished, you must allow your Australian worker to fill the same position or an equivalent position to the one they held when the exchange started. The Australian worker is the Australian citizen or Australian permanent resident who participated in the exchange.\nThis obligation:\nIn the event a primary sponsored person (or any of their sponsored family members) becomes an unlawful non-citizen, you may be required to pay the costs incurred by the Commonwealth in locating and/or removing the primary or secondary sponsored persons from Australia.\nYou may be liable to pay the Commonwealth the difference between the actual costs incurred by the Commonwealth (up to a maximum of AUD10 000) less any amount which may have already been paid under the obligation to pay travel costs to enable sponsored persons to leave Australia (see ‘Obligation to pay travel costs’ above).\nThis obligation starts on the day the person you sponsored becomes an unlawful non-citizen. It ends five years after they leave Australia.  This means that the department might, up to five years after the person you have sponsored has left Australia, give you a letter requiring payment of the costs that the Commonwealth paid to locate and remove the person you sponsored prior to their departure from Australia.\nYou must comply with your obligations as a sponsor. We monitor your compliance with the sponsorship obligations and whether your visa holders are upholding their visa conditions.\nWe monitor you while you are a sponsor and for up to five years after you cease being a sponsor. We do this routinely and in response to information provided to us, and in three main ways:\nYour compliance with the sponsorship obligations might be investigated by Immigration inspectors who have investigative powers under the Migration Act 1958. Failure to cooperate with inspectors is a breach of the sponsorship obligations.\nIf you do not meet your obligations, we could take one or more of the following actions:\nAdministrative\nEnforceable undertaking\nYou could be invited to enter into an enforceable undertaking.  Enforceable undertakings require you to promise, in writing, to undertake to complete certain actions to demonstrate that the failures have been rectified and won’t happen again.\nCivil\nIn addition, you could also have sanctions imposed if:\nThe types of actions that could be taken depend on whether the sponsor is a standard business sponsor or has made  a work agreement.\nIf you have sponsored someone under a work  agreement, we could suspend or terminate it in accordance with the clauses of the particular work  agreement."
}