{
    "visaID": "visa7.12",
    "visaType": "visa7",
    "visaName": "Established Business in Australia visa (subclass 845)",
    "link_crawl": "https://immi.homeaffairs.gov.au/visas/getting-a-visa/visa-listing/repealed-visas/established-business-in-australia-visa-subclass-845",
    "content": "Established Business in Australia visa (subclass 845)The Established Business in Australia visa (subclass 845) closed to new applications on 1 July 2012. You cannot apply for this visa. Information on other business visas is available through the SkillSelect website.\nIf you have applied for this visa but no visa decision has yet been made, you can add your spouse, defacto partner or dependent children to your application until the visa is decided.\n\n1. Visa applicants\nThis information is for people who have already applied for an Established Business in Australia visa (subclass 845), but are waiting for a decision.\nYou can add members of the family unit to your visa application at any time until your visa is decided.\nFor detailed information regarding who you can include in your application see including family members in your application.\nTo add dependent children, complete:\nYour family members can be added to your application by completing:\nThese family members must meet the requirements for including family members in your application. The application must include documentary evidence of their relationship to you.​​\nYour family members must be able to show that they meet health and character requirements.​\nThey might also need to take the International English Language Testing System (IELTS) test to show how well they speak, ready and write English.\nYou must meet certain health requirements. However, most applicants for this visa will not be required to complete additional health examinations. Do not arrange a health examination until we ask you to.\nYou must meet certain character requirements. You must provide a police certificate from each country you have lived in for 12 months or more during the past 10 years after you turned 16 years of age.\nYou must have no outstanding debts to the Australian Government or have arranged to repay any outstanding debts to the Australian Government before this visa can be granted.\nYou might have to pay other costs, such as the costs of health assessments, police certificates, or any other certificates or tests. You are responsible for making the necessary arrangements.\nNew criteria description\nLodge the completed forms and documents in person or by registered post, courier or fax to the Adelaide office in South Australia - attention Client Services, Adelaide Business Skills Processing Centre.\nInclude the documents listed in the Document checklist with the application and pay the visa application charge by credit card, money order or bank cheque.\nAfter you have lodged your application and documents, we will acknowledge that we have received your information.\nOutside Australia:\nIf you apply for this visa from outside Australia, do not make arrangements to travel to Australia until you are advised in writing that you have been granted a visa. Wait for a decision from us before you leave your job, sell your home or book your travel.\nIn Australia:\nIf you apply for this visa in Australia, you could be eligible for a Bridging visa that allows you to stay in the country lawfully while your application is processed. If you are given a Bridging visa A, you can apply for a Bridging visa B (BVB) to travel outside Australia while you wait for a decision.\nYou can provide more information to us, at any time until a decision is made on the application. If you want to correct information you provided, use:\nWe could also ask you for more information. You will have to respond by a set date. After that date, we can make a decision about your application using the information that we have.\nIf another person gives us information that could result in you being refused a visa, we will usually give you the opportunity to comment on the information.\nYou might also be interviewed. If you are asked to attend an interview in person, bring your passport or other identification and any requested documents to the interview.\nYou must tell us if your circumstances change. This includes a new residential address, a new passport, or a pregnancy, birth, divorce, separation, marriage, de facto relationship or death in your family.\nPlease report changes in your circumstances via ImmiAccount. If you are not able to use ImmiAccount, you can use the following forms:\nIf you do not provide us with the details of any new passport issued to you, you could experience significant delays at the airport and may be denied permission to board your plane.​​\nYou must contact your case officer to report any changes in circumstances that could affect the processing of your application.\nWhen you write to the department, you must include:\nProviding all this information helps the department quickly locate your application.\nIf the visa is granted, we will let you know:\nIf the visa is not granted, we will let you know:\nYou need to provide documents to support your application for this visa. We can make a decision using the information you provide when you lodge your application. It is in your interest to provide as much information as possible with your application.\nProvide certified copies of original documents. Do not include original documents unless we specifically ask for them. Police certificates should be original documents. Documents not in English must be accompanied by accredited English translations.\nUse this checklist to make sure your application is complete.\nIf you use Form 1229 or a statutory declaration, you will have to attach a certified copy of the other parent’s government-issued identification document (such as a passport or driver's licence) with their photograph and signature.\nProvide the original certificates and keep a copy for yourself.\n2. Visa holders\nThis information is for people who have already been granted an Established Business in Australia visa (subclass 845). It explains your rights and obligations.\nYou can use  Visa Entitlement Verification Online (VEVO) for free to check your visa details and entitlements.\nThis visa lets you work in your established business in Australia.\nThis is a permanent residence visa. It lets you and any member of your family unit who has also been granted this visa:\nYou and your family must comply with all visa conditions and Australian laws.\nYou must:\nYou must tell us if your circumstances change.  This includes a new residential address, a new passport, or a pregnancy, birth, divorce, separation, marriage, de facto relationship or death in your family.\nPlease report changes in your circumstances via ImmiAccount.  If you are not able to use ImmiAccount, you can use the following forms:\nIf you do not provide us with the details of any new passport issued to you, you could experience significant delays at the airport and may be denied permission to board your plane."
}