{
    "visaID": "visa4.2.5",
    "visaType": "visa4.2",
    "visaName": "Significant Investor Extension stream",
    "link_crawl": "https://immi.homeaffairs.gov.au/visas/getting-a-visa/visa-listing/business-innovation-and-investment-188/significant-investor-extension-stream",
    "content": "\n1. Business Innovation and Investment (Provisional) visa (subclass 188)\n2. Significant Investor Extension stream\nExtend stay for up to 4 years\nFrom AUD1,170.00\nFor an indication of processing times for this visa, use the visa processing time guide tool. This will show the processing times for recently decided applications. It is a guide only and not specific to your application.\nSee all conditions\nIf you are getting help with your visa, before you pay someone, read information on Who can help with your visa application.\n3. With this visa, you can\n4. How long you can stay\nThis is a provisional visa.\nIf you held a Business Innovation and Investment (Provisional) visa (subclass 188) Significant Investor stream at the time of application and you were invited to apply for this visa on or after 1 July 2021, you can stay for 7 years after the date of the grant of your original Business Innovation and Investment (Provisional) visa (subclass 188) Significant Investor stream.\nIf you held a Business Innovation and Investment (Provisional) visa (subclass 188) Significant Investor stream at the time of application and you were invited to apply for this visa before 1 July 2021, you can stay for 6 years after the date of the grant of your original Business Innovation and Investment (Provisional) visa (subclass 188) Significant Investor stream.\nIf you were invited to apply for this visa on or after 1 July 2021 and you held a Business Innovation and Investment (Provisional) visa (subclass 188) Significant Investor Extension stream at the time of application, you can stay for up to 9 years after the date of the grant of your original Business Innovation and Investment (Provisional) visa (subclass 188) Significant Investor stream.\nIf you were invited to apply for this visa before 1 July 2021 and if you held a Business Innovation and Investment (Provisional) visa (subclass 188) Significant Investor Extension stream at the time of application, you can stay for 8 years after the date of the grant of the original Business Innovation and Investment (Provisional) visa (subclass 188) Significant Investor stream.\nThe visa is granted with multiple entries. You can leave and re-enter Australia as many times as you want while the visa is valid.\nThe visa is valid from the date it is granted.\n5. Stay longer\nThis is a provisional visa. You must apply for a new visa if you want to stay longer. Once you have this visa, you can apply for permanent residence through the Business Innovation and Investment (Permanent) visa (subclass 888) Significant Investor stream if certain requirements are met. Explore your visa options.\nIf you need more time to meet the requirements of a Business Innovation and Investment (Permanent) (subclass 888) Significant Investor stream visa, you can apply for a second Business Innovation and Investment (Provisional) visa (subclass188) in the Significant Investor Extension stream.  A person can be granted a maximum of 2 Business Innovation and Investment (Provisional) visa (subclass188) in the Significant Investor Extension stream visas.\n6. Include family\nYou can include members of the family unit in your application when you apply. You can also add dependent children to your application at any time before we decide on your application.\nFamily members who apply for the visa must meet our health and character requirements.\nIn order for the main applicant to be granted the visa, family members who are not coming to Australia must meet our character requirements and might have to meet our health requirements.\n7. Cost\nThis visa costs AUD1,170.00 for the main applicant.\nThere is also a charge for each family member who applies for the visa with you.\nAny applicant who was at least 18 years old at the time of application, and is assessed as not having functional English, and has not paid a second instalment of the visa application charge in relation to an application for their Business Innovation and Investment (Provisional) (subclass 188) visa will have to pay this extra charge. Pay it only when we ask you to. We will refund the charge if we do not grant the visa to that applicant.\nThe second instalment charges are:\nUse the Visa Pricing Estimator to work out what your visa will cost you. The estimator does not take into account the second instalment or other costs. You might also have to pay other costs for health checks, police certificates and biometrics.\n8. Apply from\nYou can be in or outside Australia when you apply for the visa and when we decide on your application but not in immigration clearance.\n9. Processing times\nFor an indication of processing times for this visa, use the visa processing time guide tool. This will show the processing times for recently decided applications. It is a guide only and not specific to your application.\nYour application might take longer to process if:\n10. Your obligations\nYou and your family members who are part of your application must comply with all visa conditions and Australian laws.\nLearn more conditions for this visa.\nTo be eligible for the grant of a Business Innovation and Investment (Permanent) visa (subclass 888) in the Significant Investor stream, you must live in Australia for at least 40 days per year for the duration of your provisional visa. Or your spouse must live in Australia for at least 180 days per year for the duration of your provisional visa. These days do not need to be consecutive.\nYou must continue to hold a complying significant investment continuously for the life of your provisional visa.\nYou can switch between complying significant investments if:\nIf you reinvest funds into a complying significant investment within 30 days, we regard that as holding it continuously.\nIf you withdraw funds from venture capital or emerging company investments, you must reinvest the funds into venture capital or emerging companies.\nIf you withdraw funds from the 'balancing investment' category of investments, you can reinvest them into another balancing investment, venture capital or emerging companies.\nIf you withdraw funds from venture capital because the venture capital investment has been realised, you must reinvest those funds. You can reinvest it in any eligible complying significant investment.\nIncome that you earn from your complying significant investment in Australia may be subject to tax under Australian taxation law.\nThe rules that were in force at the time that you applied for your first Business Innovation and Investment (Provisional) visa (subclass 188) in the Significant Investor stream will continue to apply for the duration of your provisional visa, including any Extension stream visas you apply for that relate to that provisional visa.\nYou might want to seek independent legal advice to ensure that an investment is a 'complying significant investment'. It is your responsibility to ensure your investment choices comply with the requirements of this visa.\nAll workers in Australia (including visa holders) have rights and protections at work. Pay rates and workplace conditions are set by Australian law.\nIf you operate a business in Australia, you must comply with workplace laws. The Pay and Conditions Tool (PACT) can help you with:\n11. Adequate health insurance\nWe recommend you take out health insurance to cover any unforeseen medical treatment you might need in Australia. You are personally liable for all your healthcare costs while you are in Australia. Insurance can help limit your financial liability.\nSee what we consider adequate health insurance.\nLearn more about health insurance for overseas visitors.\nSome countries have a reciprocal healthcare agreement with Australia. Find out more from Services Australia about reciprocal healthcare agreements.\n12. Travel\nYou can travel outside Australia and return as many times as you want while the visa is valid.\nThe time you spend outside Australia does not extend the visa.\n13. Visa label\nAustralian visas are digital.\nWe do not put a visa label in your passport. Instead, we link your digital visa record to your passport.\nYou must not have held more than one Business Innovation and Investment (Provisional) visa (subclass 188) Significant Investor Extension stream visa.\nYou must continue to hold your complying significant investment in accordance with the complying investment framework in place at the time you applied for this visa.\nYou and your partner must have had no history of involvement in business or investment activities that are of a nature that is not generally acceptable in Australia.\nAll applicants aged 18 or over at time of application, who did not pay a second instalment of the visa application charge for a previous subclass 188 visa application must have functional English. If you are unable to prove functional English, we will ask you to pay the second instalment of the visa application charge.\nThey will not need to pay a second instalment if they have already paid a second instalment of the visa application charge in relation to an application for a Subclass 188 (Business Innovation and Investment (Provisional) visa.\nDo not make a second instalment payment until we ask you to.\nYou and any family who apply for the visa with you must meet our health requirement.\nIf requested, family members not accompanying you to Australia might also need to meet our health requirement.\nDo not undertake health examinations until we ask you.\nYou and family members aged 16 years or over who apply for the visa with you must meet our character requirement.\nFamily members who have not applied for the visa must also meet the character requirement.\nIf you and your family members who have applied for this visa are 18 years of age or older at the time of application, you and your family members must:\nIf you or any family members owe the Australian Government money, you or they must show that it has been paid back or there is an approved arrangement in place to pay it back.\nWe will consider your immigration history when we make a decision on your application, which means you might not be eligible for this visa if you have had a visa cancelled or refused.\nIn some circumstances you may still apply for a permanent visa if you have had a visa cancelled or an application refused see Limitations on applications in Australia.\nIf applying for a visa from outside Australia see Can I go to Australia.\nIf you want immigration assistance, see Who can help with your visa application.\nNote: the rules that were in force at the time that you applied for your first provisional Significant Investor visa will continue to apply for the duration of your provisional visa, including any Extension stream visas you apply for that relate to that provisional visa.\nYou and your family members who are applying for this visa will need valid passports. If you plan to get a new passport, do this before applying.\nOnly some people can help you with your application. If you appoint someone to give you immigration assistance they must be:\nYou can appoint anyone to receive documents on your behalf relating to your visa matter.\nYou will need to prove your identity, and provide documents about your proposed investment.  You also need to provide documents about family members applying with you.\nYou are obliged to prove your identity and provide true information with your application. See what happens if you can't prove your identity or do not provide true information.\nYou and any family members who apply for the visa with you, must provide:\nAlso provide:\nDocuments that prove a change of name include:\nThe rules for complying investments changed on 1 July 2015 and on 1 July 2021. For that reason, the evidence you need to give us depends on when you applied for your provisional visa.\nIf you applied for your Business Innovation and Investment (Provisional) visa (subclass 188) on or after 1 July 2021\nEvidence of your investment can include:\nIf you applied for your Business Innovation and Investment (Provisional) visa (subclass 188) on or after 1 July 2015\nEvidence of your investment can include:\nIf you applied for your Business Innovation and Investment (Provisional) visa before 1 July 2015\nEvidence of your investment can include:\nAll holding statements must show the investor name, amount and commencement date.\nIf you invested in an Australian proprietary company, please provide us with:\nAll applicants aged 18 or over at time of application who did not pay a second instalment of the visa application charge for a previous subclass 188 visa application, must either have at least functional English or you will be asked to pay the second instalment of the visa application charge.\nIf you can't provide functional English documents\nIf you or any family members applying with you have less than functional English, provide a statement indicating your intention to pay the second visa application charge for each person with less than functional English.\nYou do not need to provide health documents. The doctor will send them to us.\nYou and family members aged 16 years and over who apply for the visa with you, provide:\nTo nominate someone to:\nUpload your written notification or your forms to ImmiAccount.\nProvide:\nIf your partner was not included in the initial 188 application also provide:\nDocuments that prove your de facto relationship include:\nFor every dependant 18 years old or younger who is applying with you, provide:\nYou must get consent for any applicant under 18 years of age to migrate to Australia from anyone who:\nThey must complete either:\nAlternatively, you can show us:\nInclude:\nNote: If your child is likely to turn 18 while your application is being processed, you will need to provide evidence they are dependent on you. See the section 'Dependants over 18 documents' below for further information. A child who turns 18 while your application is being processed and who is not dependent on you cannot satisfy the criteria for this visa.\nTo include your child who is over 18 in your visa application, they must be:\nProvide:\nIf your child is likely to turn 23 while your application is being processed, you will need to provide evidence they are dependent on you due to disability.\nProof of dependency\nYou must also provide proof the child is dependent on you.\nNote: A child who turns 23 while your application is being processed and who does not meet these requirements cannot satisfy the criteria for this visa.\nHave all non-English documents translated into English.\nProvide original and translated documents in your application.\nTranslators in Australia must be accredited by the National Accreditation Authority for Translators and Interpreters .\nTranslators outside Australia do not have to be accredited. But on each translation, they must include their:\nThese details must be in English.\nNote: You do not need to have any documents certified. If you provide colour scanned copies of the documents by email. If you provide photocopies of documents by mail, the photocopies must be certified.\nScan or photograph all documents (English and non-English) in colour.\nThe scans and photos must be clear.\nIf a document is more than one page, save it all as one file.\nIf you are applying from China, Macau, Hong Kong or Taiwan use the document checklist from the Australian Consulate General Hong Kong.\nApply for this visa online in ImmiAccount. You must hold a Subclass 188 (Business Innovation and Investment (Provisional) visa in the Significant Investor stream or the Significant Investor Extension stream.\nFor all applications lodged from 13 November 2021, applicants should upload supporting documentation to ImmiAccount when lodging a subclass 188 Business Innovation and Investment visa application in all streams.\nUploading all documents to ImmiAccount will ensure efficient processing and help to reduce processing times. Please utilise naming conventions provided when uploading supporting documents. Where naming conventions are unavailable for a particular document/s, please ensure that a proper heading is provided to the attached document/s.\nYou are obliged to prove your identity and provide true information with your application. See what happens if you cannot prove your identity or do not provide true information.\nHave all forms and documents ready before you submit your application.\nImmiAccount will tell you the charge. We will not process your application until you pay the correct charge.\nApplicants should upload supporting documentation to ImmiAccount when lodging a subclass 188 Business Innovation and Investment visa application in the Significant Investor Extension stream via ImmiAccount.\nAttaching more information\nIf you did not attach all documents when you applied, attach them as soon as you can in ImmiAccount.\nWe might also ask you to provide more information, however we are not obliged to do so and may make a decision on your application without requesting more documents.\nWe will let you know when we have received your application.\nWe cannot provide updates on applications. You will be contacted if additional information is required. Please wait for us to contact you.\nYou do not have to tell us if you want to travel outside Australia while we process your application. This is because you can be outside Australia when we make a decision.\nBut if you leave Australia, make sure you have a valid visa if you plan to return to Australia before a decision is made on your application.\nLearn about visa expiry.\nLearn about Bridging visas.\nHealth examination results are generally valid for 12 months. If your previous health clearance for subclass 188 visa is more than 12 months old, you will need to undertake new health examinations.\nDo not undertake health examinations until we ask you to.\nWe might ask for biometrics (fingerprints and photo). We will let you know if you need to provide them.\nIf you didn't send us all documents when you applied, send them as soon as you can.\nIf you live in the People's Republic of China (PRC), Hong Kong (SAR), Macau (SAR) or Taiwan, send the documents to the Australian Consulate General Hong Kong.\nIf you live elsewhere send your documents to us through ImmiAccount.\nAttach more information\nIf you did not attach all documents when you applied, attach them as soon as you can in ImmiAccount.\nWe might also ask you to provide more information, however we are not obliged to do so and may make a decision on your application without requesting more documents.\nIf you are in Australia, make sure you stay lawful by holding a valid visa while we process your application.\nWhen you applied for this visa, you were granted a Bridging visa A (BVA). If your current visa expires before we decide on your application, the BVA will start.\nYou can stay in Australia on the BVA while we process your new visa application. However, if you intend to leave Australia and return while holding a BVA, you will need to apply to our office for a Bridging Visa B (BVB) or make alternative visa arrangements to return, as your BVA ceases when you leave Australia.”\nDo not cancel your current visa. If you do, you will:\nLearn more about visa expiry.\nLearn more about Bridging visas\nIf you need to pay a second instalment, we will send you an invoice after you have met all other requirements for the visa. Pay the invoice after you get it.\nYou can add your dependent child or children to your application after you apply but before we decide on your visa.\nComplete Form 1436 Adding an additional applicant after lodgement and\nFind out what to do if your child is born after you apply.\nLet us know as soon as you can if you made a mistake on your application.\nForm 1023 Notification of incorrect answers\nLet us know if you no longer want someone to:\nUpload your written notification or your forms to ImmiAccount.\nFor more information see Who can help you with your application.\nThings you need to let us know about after you have applied include:\nSee how to tell us if your situation changes.\nWe will let you know our decision in writing. If we grant your visa, we will tell you:\nKeep a copy of the decision with you when in Australia.\nIf we refuse your visa, we will tell you why we refused and whether you have a right to a review of the decision.\nWe will not refund the application charge if we refuse your application.\nBefore you leave\nCheck your travel documents\nYou must have:\nAll people arriving in Australia must complete the Incoming Passenger Card. You will get the card on board the aircraft.\nWe have an automated process that uses facial recognition technology and your ePassport. You might be able to leave the airport faster if you use SmartGate\nWhat you can do when you have this visa\nThis is not a permanent visa. With this visa you can:\nTo see your specific conditions, work and study entitlements use VEVO.\nYou and your family members who are part of your application must meet all visa conditions and obey Australian laws. See your visa conditions in VEVO or your visa grant letter.\nIn particular, you must maintain your investment and comply with Australian workplace laws.\nYou must hold a complying significant investment continuously for the life of your provisional visa.\nIncome that you earn from your investment in Australia is subject to Australian taxation law.\nAll workers in Australia (including visa holders) have rights and protections at work. Pay rates and workplace conditions are set by Australian law.\nIf you operate a business in Australia, you must comply with workplace laws. The Pay and Conditions Tool\nThings you need to let us know about include:\nSee what to do if your situation changes.\nThis is a provisional visa. You can extend your stay in Australia for up to 2 years.\nThe visa starts on the date it is granted.\nTo see when you must leave, use VEVO.\nThis is a provisional visa. You must apply for a new visa if you want to stay longer. Once you have this visa, you can apply for permanent residence if certain requirements are met.\nExplore your visa options\nOnce you have this visa, you can apply for the Business Innovation and Investment (Permanent) visa (subclass 888) Significant Investor stream .\nIf you need more time to meet the requirements of a Business Innovation and Investment (Permanent) (subclass 888) Significant Investor stream visa, you can apply for a second Business Innovation and Investment (Provisional) visa (subclass 188) in the Significant Investor Extension stream.\nYou can be granted a maximum of 2 Business Innovation and Investment (Provisional) visas (subclass 188) in\nthe Significant Investor Extension stream.\nThis is a multiple entry visa. You can travel outside Australia and return as many times as you want while the visa is valid.\nThe time you spend outside Australia does not extend the visa.\nSee your conditions.\nTo prove you have a visa and show your conditions to someone, use VEVO.\nYou can request your international movement records by completing Form 1359 Request for international movement records .We will digitally link your visa to your passport. You will not get a label in your passport.\nAfter you are granted this visa, if members of your family want to apply for the same visa, they must submit a separate online application. Any additional family members are called 'subsequent entrants'.\nUse the 'Application for a Business Innovation and Investment (Subsequent Entrant) Visa' application form in ImmiAccount.\nYou must have a valid passport or other travel document to leave Australia.\nWe have an automated process that uses facial recognition technology and your ePassport. You might be able to leave the airport faster if you use SmartGate\nTo prove you have been to Australia, request your international movement records by completing Form 1359 Request for international movement records"
}