{
    "visaID": "visa3.12",
    "visaType": "visa3",
    "visaName": "Contributory Parent visa (subclass 143)",
    "link_crawl": "https://immi.homeaffairs.gov.au/visas/getting-a-visa/visa-listing/contributory-parent-143",
    "content": "\n1. (Subclass 143)\n2. Contributory Parent visa\n3. For Applicants\n4. For Sponsors\nPermanently\nAUD48,495\nFor an indication of processing times for this visa, use the visa processing time guide tool. This will show the processing times for recently decided applications. It is a guide only and not specific to your application.\nFor more information, see Parent visa queue.\n​\nSee all conditions\nIf you are getting help with your visa, before you pay someone, read information on who can help with your visa application.\n5. With this visa you can\nYou can travel to and from Australia as many times as you want for 5 years from the date we grant this visa. This is as long as the travel facility on this visa remains valid.\nIf you want to travel after the initial 5-year travel facility:\nTo see when your travel facility ends, use VEVO.\nYou can apply for the subclass 143 visa as a two-step process by first applying for a Contributory Parent (Temporary) (subclass 173) visa. Applying for the subclass 173 visa and then the subclass 143 visa allows you to spread the cost of the visas over a number of years.\nYou have already met the balance of family test.\nIf you apply for the subclass 143 visa as a retiree you don't have to:\n6. How long you can stay\nThis is a permanent visa. It lets you stay in Australia indefinitely.\nFor citizenship purposes, your permanent residency starts on the day:\n7. Include family\nYou can include members of the family unit in your application when you apply.\nYou are required to include details of all your family members, whether they are migrating or not.\nFamily members who apply for the visa must meet our health and character requirements. Family members who are not coming to Australia might also have to meet our health and character requirements.\nIf you apply for this visa as a retiree, you:\nFind out what to do if your child is born after you apply.\n8. Cost\nThis visa costs AUD48,495. There is also an additional charge for each family member who applies with you.\nYou pay for this visa in 2 parts, called instalments.\nPay the first instalment when you apply. Pay the second instalment when we ask you to. See more about visa fees and charges.\nYou might also have to pay other costs for health checks, police certificates and biometrics.\nTo work out what your visa will cost use the Visa Pricing Estimator. The estimator does not take into account the other costs.\n9. Apply from\nYou can be in or outside Australia when you apply for the visa.\nIf you apply in Australia, any family members who apply with you must also be in Australia, but not in immigration clearance, when you apply. If you apply outside Australia, any family members who apply for the visa with you must also be outside Australia when you apply.\nIf you are applying as a retiree you must be in Australia, but not in immigration clearance, when you apply. You can be in or outside Australia when we make a decision on your application\n10. Processing times\nThe demand for these visas is greater than the number of places available each year. As a result, processing times for these applications can be lengthy.\nFor an indication of processing times for this visa, use the visa processing time guide tool. This will show the processing times for recently decided applications. It is a guide only and not specific to your application.\nYour application might take longer to process if:\nWe cannot process your application if you do not pay the correct visa application charge. We will notify you if this is the case and if necessary return your application.\nThe Reports on Migration Programs have further information on Migration Program outcomes against planning for each migration program year.\nApplications for this visa are subject to capping and queueing.\nLearn more about the Parent visa queue and processing priorities.\nWe assess applications for this visa in 2 stages:\nDo not arrange to stay permanently in Australia until your visa is granted. We will let you know in writing if we grant you the visa.\nLearn more about the Parent visa queue and processing priorities.\nOther Parent visas available include the:\nYou can view all visa options on our Visa list page.\n11. Assessment\nWe assess applications for this visa in 2 stages.\nDon't arrange to move to Australia until we grant the visa. We will let you know in writing if we grant you the visa.\nLearn more about the Parent visa queue and processing priorities.\n12. Your obligations\nYou must enter Australia before the date specified in your grant letter. The first entry date is generally set at 12 months from the date of visa grant.\nYou and your family members must meet all visa conditions and obey Australian laws.\nSee what conditions might be attached to this visa on our visa conditions page.\n13. Visa label\nWe will digitally link your visa to your passport. You will not get a label in your passport.\nYou cannot apply for this visa if you have already applied for or hold a Sponsored Parent (Temporary) (subclass 870) visa.\nYou can apply for a Parent visa (subclass 143) as a retiree if:\nIf you apply for this visa as a retiree:\nYou must be sponsored by an eligible sponsor for this visa.\nUsually you would be sponsored by an eligible child. If your child is under 18, you can be sponsored by an eligible relative or community organisation.\nWe must approve the sponsorship.\nIf you apply for this visa as a retiree you don't need a sponsor.\nIf you hold a Temporary Contributory Parent (subclass 173) visa, you might still be eligible for this visa if your sponsor dies.\nSee what to do if your situation changes.\nYou must meet the balance-of-family test. You meet the balance of family test if:\nSee examples of how the balance-of-family test is applied.\nIf you apply for this visa as a retiree you don't need to meet the balance of family test.\nIf you hold a Contributory Parent (subclass 173) (Temporary) visa, you have already met the balance of family test.\nYou must be able to obtain an assurance of support.\nAn assurance of support assures us that you will not have to rely on government assistance after you enter Australia on this visa. The assurance is for you and any family members who come to Australia with you on this visa.\nWe will let you know when you need to provide the assurance of support.\nYou must be able to obtain an assurance of support, unless you apply for the visa as a retiree.\nIf you apply for the visa as a retiree, you do not need an assurance of support.\nLearn more about assurances of support.\nYou and any family members who apply for the visa with you must meet our health requirement.\nWe might also ask that other non-migrating family members meet the requirement.\nYou and any family members who apply for the visa with you must meet our character requirement.\nWe might also ask that other non-migrating family members meet the requirement.\nIf you or any family members owe the Australian Government money, you or they must have paid it back or have an approved arrangement in place to pay it back.\nWe will consider your immigration history when we make a decision on your application, which means you might not be eligible for this visa if you have had a visa cancelled or refused.\nIn some circumstances you may still apply for a permanent visa if you have had a visa cancelled or an application refused, see Limitations on applications in Australia (129KB PDF).\nIf applying for a visa from outside Australia, see Can I go to Australia.\nIf you want immigration assistance, see Who can help with your visa application.\n​If you are 18 years of age or older, you must:\nIf you apply for this visa as a retiree, you must maintain adequate health insurance until you are granted a Parent visa. Your insurance should cover you for medically necessary treatment, including transport.\nSee a guide to what we consider adequate health insurance.\nLearn more about health insurance for overseas visitors.\nSome countries have a reciprocal healthcare agreement with Australia. Find out more from Services Australia about reciprocal healthcare agreements.\nWe will not grant this visa if it is not in the best interests of an applicant under 18.\nCheck your passport. If you need help with your application, get someone to act on your behalf.\nYou and anyone who applies with you must have valid passports before we grant the visa.\nWe will only grant the visa if you have a valid passport.\nOnly some people can help you with your application. If you appoint someone to give you immigration assistance they must be:\nYou can appoint anyone to receive documents on your behalf relating to your visa matter.\nIf you applied for a different parent visa, but we have not made a decision about that visa, you must withdraw that application at the same time that you apply for this visa.\nIf you applied for a Contributory Parent (Temporary) visa (subclass 173) or a Contributory Aged Parent (Temporary) visa (subclass 884) you need to complete:\nIf you applied for a Parent visa (subclass 103) or Aged Parent visa (subclass 804), you need to complete:\nNew step description\nGather all your documents, including for any partner or dependants who might be applying with you. You will also need your sponsor documents.\nYou won't need to provide us with some of the documents we usually ask for if:\nYou will still need to provide documents:\nChanges in your situation we need evidence of include:\nProvide accurate information. See what happens if you can't prove your identity or don't provide true information.\nWe need proof of your identity. If you cannot prove your identity:\nProvide the pages of your current passport showing your photo, personal details, and passport issue and expiry dates.\nAlso provide:\nDocuments that prove a change of name include:\nYour application must be sponsored by an eligible sponsor, unless you are applying as a retiree.\nYour sponsor must complete Form 40 Sponsorship for migration to Australia (469KB PDF).\nShow us that you meet the balance-of-family test by giving us:\nYou do not need to meet the balance of family test if you are applying as a retiree.\nIf you hold a Contributory Parent (subclass 173) visa, you have already met the balance of family test.\nWe might ask you for character documents, including police certificates. Don't arrange a police check until we ask you to.\nLearn more about police certificates.\nProvide us with an assurance of support when we ask for it.\nYou don't need to provide an assurance of support if you are applying as a retiree.\nTo nominate someone to:\nSend written notification or your forms with your paper application.\nFor every dependent under 18 years old who is applying with you, provide:\nIf you are applying as a retiree you can't include your children, or your partner's children, in your application.\nYou must get consent for any applicant under 18 years of age to migrate to Australia from anyone who:\nThey must complete either:\nAlternatively, you can show us:\nInclude:\nTo be included in your visa application as a dependent child, your child must be:\nFor every dependant 18 years old or older who is applying with you, provide:\nIf your child is likely to turn 23 while your application is being processed, you will need to provide evidence they are dependent on you due to disability.\nProvide:\nIf you are applying as a retiree you can't include your children, or your partner's children, in your application.\nYou need to prove that this person is dependent on you. Provide:\nYou must also prove this person has been financially dependent on you for at least 12 months before you apply. You could provide:\nFor partners, provide identity documents and relationship documents.\nProvide:\nProvide either:\nDocuments that prove your de facto relationship include:\nProvide 4 recent photos (45mm x 35mm) of anyone included in the application.\nPhotographs must be:\nYou can wear untinted prescription glasses. If you wear a head covering for religious reasons, you can show only your face.\nHave all non-English documents translated into English.\nProvide original copies and translated documents in your application.\nTranslators in Australia should be accredited by the National Accreditation Authority for Translators and Interpreters.\nTranslators outside Australia do not have to be accredited. But on each translation, they must include their:\nThese details must be in English.\nDo not certify police certificates. You need to send us the originals.\nHave all other documents as a certified copy. This includes:\nKeep a copy of your completed application.\nSend us:\nYou must apply for this visa on paper. You can apply from in (but not in immigration clearance) or outside Australia, when you submit your application.\nLearn more about where you can be when we make a decision on your application by reading the “Visa Outcome” section on this web page. (Below)\nIf you are applying as a retiree you must be in Australia, but not in immigration clearance, when you submit your application. You can be in or outside Australia when we make our decision.\nYou cannot apply for this visa if you have already applied for or hold a Sponsored Parent (Temporary) (subclass 870) visa.\nProvide accurate information. See what happens if you can't prove your identity or don't provide true information.\nIf your subclass 173 visa is current or has ended within the last 28 days, complete Form 47PT Application for migration to Australia by a Contributory Parent (Temporary) or Contributory Aged Parent (Temporary) visa holder. (628KB PDF)\nIf you do not hold (or have never held) a subclass 173 visa, you must complete Form 47PA Application for a parent to migrate to Australia. (715KB PDF).\nYour sponsor must complete Form 40 Sponsorship for migration to Australia. (469KB PDF)\nWhether migrating or not, each member of the family unit aged 18 years or over must also complete Form 47A Details of child or other dependent family member aged 18 years or over. (307KB PDF)\nYou must complete all forms in English.\nYou must pay the first instalment when you apply. For payment options see how to pay.\nYou can't apply for this visa in person. Send your application by post or courier to the address on the form. Include all required documents, forms and evidence of payment of application charge with your application.\nDo not send original documents with your application, only send certified copies. Keep a copy of your completed application for your own records, including any supporting documents.\nIf any of the above steps are incomplete, your application may be invalid. We do not process invalid applications. We will notify you if this is the case, and if requested, return your application.\nWe will let you know when we have received your application and documents. There may be other things you need to know and might have to do.\nIf you applied in Australia, you were granted a bridging visa when you lodged your application if:\nThe bridging visa will come into effect only if your current visa expires. A bridging visa lets you stay in Australia while your subclass 143 visa application is processed.\nWe can't provide updates on your application's progress within normal processing times. We will let you know if you need to provide anything further.\nLearn more about the Parent visa queue and processing priorities.\nIf you hold a visa that lets you be in Australia when we make a decision on your visa application, you do not have to tell us if you want to travel outside Australia.\nIf you leave Australia, make sure you have a valid visa to return.\nLearn about visa expiry.\nDo not make arrangements to move to Australia permanently until we let you know, in writing, that we have granted you the visa.\nYou must have health exams if you don't hold a Contributory Parent (Temporary) visa (subclass 173).\nYou might need to have health exams if:\nThe doctor will send us your health documents. Don't arrange health exams until we ask you to.\nLearn more about health exams.\nWe might ask for biometrics (fingerprints and photo). We will let you know if you need to provide them.\nSend any documents you did not provide with your application to the Parent Visa Centre in Perth.\nWe might also ask you to provide more information.\nIf you are in Australia and your current temporary visa is about to expire, you should make sure you stay lawful by holding a valid visa while we process your application. Learn about visa expiry.\nYou must pay the second instalment before we will grant the visa. We will send you an invoice when it is due. If you do not pay the invoice, we will refuse your application.\nYou might be able to add family members to your application before we make a decision.\nComplete and send us Form 1436 Adding an additional applicant after lodgement (481KB PDF).\nYou will also need to provide evidence of your relationship and the family member’s passport.\nIf you applied in Australia, any family member you add to your application must also be in Australia when you add them. If you applied outside Australia, any family members you add to the application must also be outside Australia when you add them.\nFind out what to do if your child is born after you apply.\nLet us know as soon as you can if you made a mistake on your application.\nComplete Form 1023 Notification of incorrect answers (168KB PDF).\nLet us know if you no longer want someone to:\nSend written notification or your forms to the office your submitted your application.\nFor more information see Who can help you with your application.\nThings you need to let us know about after you have applied include:\nSee how to tell us if your situation changes.\nIf you applied as a retiree, or you hold or held a Contributory Parent (Temporary) visa (subclass 173), or a substituted Visitor visa (subclass 600) before lodging your application, you may be in or outside Australia when we make a decision on your application.\nIf you do not fit into any of the above categories, you must be outside Australia when we make a decision on your application.\nWe will let you know our decision in writing.\nIf we grant you the visa, we will let you know:\nWe recommend you keep a copy of our decision.\nIf we refuse your visa we will let you know:\nWe will not refund the application fee if we refuse your application.\nYou must have:\nYou must enter Australia before the date specified in your grant letter.\nIf your visa is still valid and the date specified in your visa grant letter has passed or will pass before you can travel to Australia, you must ensure that:\nWe may then send you a travel facilitation letter. This will state that we allow you to enter Australia after the first entry arrival date on your visa.\nWe will not issue a travel facilitation letter unless there is less than 3 months remaining on your first entry arrival date.\nAll people arriving into Australia must complete the Incoming Passenger Card.\nWe have an automated process that uses facial recognition technology and your ePassport. You might be able to leave the airport faster if you use SmartGate.\nYou and your family members must meet all visa conditions and obey Australian laws.\nYou can check visa details and conditions in VEVO.\nSee what to do if your situation changes.\nSee your visa expiry, conditions and work and study entitlements in VEVO.\nThis is a permanent visa. It lets you stay in Australia indefinitely as a permanent resident.\nFor citizenship purposes, your permanent residency starts on the day:\nAs a newly arrived resident you might have to wait to access certain Australian Government payments and benefits. Learn more about newly arrived residents' waiting periods from Services Australia.\nYou can travel to and from Australia as many times as you want for 5 years from the date we grant this visa. This is as long as the travel facility on this visa remains valid.\nIf you want to travel after the initial 5-year travel facility:\nTo see when your travel facility ends, use VEVO.\nTo prove you have a visa and show your conditions to someone, use VEVO.\nRequest your international movement records to get proof of your travel in and out of Australia.\nWith this visa you become a permanent resident. This means you can work and study. You are protected by Australian workplace law. See your workplace rights and entitlements.\nAfter a certain time, you might be eligible for Australian citizenship. Find out more about becoming a citizen.\nFor citizenship purposes, become a permanent resident at a particular time:\nYou must have a valid passport or other travel document to leave Australia.\nSee what to do if your visa has expired or is about to expire.\nWe have an automated process that uses facial recognition technology and your ePassport. You might be able to leave the airport faster if you use SmartGate.\nRequest your international movement records to get proof of your travel in and out of Australia."
}