{
    "visaID": "visa7.5.1",
    "visaType": "visa7.5",
    "visaName": "Significant Business History stream",
    "link_crawl": "https://immi.homeaffairs.gov.au/visas/getting-a-visa/visa-listing/business-talent-permanent-132/significant-business-history-stream#About",
    "content": "\n1. Business Talent (Permanent) visa (subclass 132)\n2. Significant Business History stream\nPermanently\nFrom AUD7,855.00\nFor an indication of processing times for this visa, use the visa processing time guide tool. This will show the processing times for recently decided applications. It is a guide only and not specific to your application.\nSee all conditions\nIf you are getting help with your visa, before you pay someone, read information on Who can help with your visa application.\n3. With this visa, you can\nNewly arrived residents may have to wait before they can access certain Australian Government payments and benefits.\n4. How long you can stay\nThis is a permanent visa. It lets you stay in Australia indefinitely.\nYou become a permanent resident on the day we grant the visa.\nFor citizenship purposes, your permanent residency starts on the day:\n5. Include family\nYou can include members of the family unit in your application when you apply and at any time before we decide on your application.\nFamily members who apply for the visa must meet our health and character requirements.\nFamily members who are not coming to Australia might also have to meet our health and character requirements.\n6. Cost\nThe visa costs AUD7,855.00 for the main applicant.\nThere is also a charge for each family member who applies for the visa with you.\nYou might have to pay an extra charge for any applicant 18 years old or older who has less than functional English. This charge is called the second instalment. Pay it only when we ask you to. We will ask for the fee only if we are going to grant the visa. The second instalment charges are:\nYou might also have to pay other costs for health checks, police certificates and biometrics.\nUse the Visa pricing estimator  to work out what your visa will cost. The estimator does not take into account the other costs.\n7. Apply from\nYou can be in or outside Australia when you apply for the visa and when we decide on your application, but not in immigration clearance.\n8. Processing times\nFor an indication of processing times for this visa, use the visa processing time guide tool. This will show the processing times for recently decided applications. It is a guide only and not specific to your application.\nWe assess applications on a case-by-case basis, and actual processing times can vary due to individual circumstances including:\nWe can't process your application if you do not pay the correct visa application charge. We will notify you if this is the case and if necessary return your application.\n9. Your obligations\nYou and your family members must obey all Australian laws.\nYou must fulfil your business obligations.\n10. Travel\nFrom the date we grant this visa, you can travel to and from Australia for up to 5 years.\nAfter that period, you will need a Resident Return visa (RRV) visa to re-enter Australia as a permanent resident.\nIf you leave Australia after the expiry date of your travel facility, without being granted another permanent visa with a valid travel facility, for example a Resident Return visa (RRV), you will not be able to return to Australia until you have been granted another visa.\nTo see when your travel condition ends, use VEVO.\n11. Visa label\nWe will digitally link your visa to your passport. You will not get a label in your passport.\nYou must be nominated by an Australian state or territory government agency before being invited to apply for this visa.\nThe state or territory government agency that nominates you must not withdraw their nomination after you apply, or we will be unable to grant you a visa.\nIf you are nominated for the visa, we will invite you to apply. All state and territory government agencies have their own criteria for deciding who they will nominate.\nContact the state or territory agency directly to find out more about their nomination process and what they want from you.\nYou must be able to demonstrate:\nYou or your partner must not have had any involvement in business activities that are of a nature that is not generally acceptable in Australia.\nFor at least 2 of the 4 fiscal years before you were invited to apply, you, your partner, or you and your partner combined, must have had an ownership interest in one or more qualifying businesses in which your net value was at least AUD400,000. If the qualifying business is a publicly listed company, your shareholding must have been  at least 10 percent of the total issued capital.\nThe business and personal assets of you, your partner, or you and your partner combined, must be at least AUD1.5 million:\nYour total annual turnover must be at least AUD3  million:\nYour ownership interest must be either:\nThe total net assets of you, your partner, or you and your partner combined, must be at least AUD400,000 from the ownership interest in one or more qualifying businesses, gained over at least 2 of the 4 fiscal years immediately before you were invited to apply for this visa.\nAll applicants aged 18 or over at the time of application must either have at least functional English.\nIf you can't show us that you or any dependant applicant 18 years or older has functional English, you can pay the second instalment of the visa application charge. You do not need to pay this fee until we ask you to do so.\nYou must be younger than 55 years of age, although a state or territory can waive this requirement if your proposed business will be of exceptional economic benefit to the region where it will operate.\nYou and any family members who apply for the visa with you must meet our health requirement.\nIf you apply for this visa from outside Australia, family members who are not coming to Australia might also have to meet our health requirement.\nYou and family members aged 16 years and over who apply for the visa with you must meet our character requirement.\nFamily members who have not applied for this visa must also meet the character requirement.\nIf you are 18 years of age or older, you must:\nIf you or any family members (including those who do not apply for the visa with you) owe the Australian Government money, you or they must have paid it back or arranged to pay it back.\nWe will consider your immigration history when we make a decision on your application, which means you might not be eligible for this visa if you have had a visa cancelled or refused.\nIn some circumstances you may still apply for a permanent visa if you have had a visa cancelled or an application refused see Limitations on applications in Australia.\nIf applying for a visa from outside Australia see Can I go to Australia.\nIf you want immigration assistance, see Who can help with your visa application.\nYou must submit an Expression of Interest (EOI) be nominated by an Australian state or territory government agency and then be invited to apply.\nIf you need help with your EOI you can use a registered migration agent or legal practitioner. For information on how to find someone to help you see Who can help you with your application.\nSubmit your EOI via SkillSelect.\nYou can submit it from within or outside Australia.\nYour EOI is not a visa application. There is no charge for submitting an EOI.\nSelect the Business Talent (permanent) visa (subclass 132).\nYou will receive an email confirming your EOI has been submitted.\nIf you are nominated by an Australian state or territory government agency, we will invite you to apply for this visa.\nAn EOI is not a visa application. Submitting an EOI does not mean you will get a Bridging visa.\nIf your current visa will expire before you submit your subclass 132 visa application, you must apply for another visa to remain in Australia lawfully.\nYou can change your EOI in SkillSelect if:\nYou can't make changes to your EOI after you have received an invitation.\nYou could receive an invitation any time within 2 years of submitting your EOI. If you are invited to apply for the visa, you will receive an email from SkillSelect. Receiving an invitation does not mean you will be granted the visa.\nIf you are invited, you have 60 calendar days to apply for the visa. This time will not be extended.\nYou must demonstrate you can meet the claims made in your EOI and that you satisfy all other eligibility criteria. If you can't, we will not grant you the visa.\nIf you can't prove the claims made in your EOI and satisfy all the eligibility criteria, you should not apply for the visa at this time. If you want to update your EOI, you can do that after the 60-day invitation period.\nIf this is your first invitation, you might be sent a second invitation after the 60-day invitation period.\nIf this is your second invitation, you will have to submit another EOI if you still want the visa.\nIf you are not invited to apply within 2 years of submitting your EOI, your EOI will expire. We will send you an email when your EOI is about to expire.\nYou will need to submit a new EOI if you still want the visa.\nOnly some people can help you with your application. If you appoint someone to give you immigration assistance they must be:\nYou can appoint anyone to receive documents on your behalf relating to your visa matter.\nPrepare proof of identity documents for you and all other applicants. You must also gather evidence of your assets and business activities.\nYou are obliged to prove your identity and provide true information with your application. See what happens if you can't prove your identity or don't provide true information.\nYou and family members who apply for the visa with you, must provide:\nAlso provide:\nDocuments that prove a change of name include:\nYou must provide evidence of your current assets.\nProvide a 1 page summary statement outlining all your assets and liabilities on a day of your choice in the 3 months before you were invited to apply for this visa. Detail how you acquired the assets, including the source of funds.\nProvide evidence of:\nExamples of documents you should provide:\nFor evidence of personal or business loans provide:\nFor evidence of stocks and bonds provide:\nYou must also prove that you or your partner (or both of you combined) meet business and personal assets requirements.\nProvide evidence that your net business and personal assets are:\nProvide evidence that you have had total net assets of at least AUD400,000:\nAfter you apply, you will need to complete Form 1139A Statement of Assets and Liabilities Position.\nYou must provide evidence of your business career and your intentions in Australia.\nProvide a business plan detailing:\nAlso provide a description of your research or study into relevant sectors in Australia.\nProvide evidence of total annual turnover of at least AUD3.0 million:\nProvide evidence of business ownership. This may be:\nIf your business is a trust, provide full trust deed and amendments. Include names of all trustees and beneficiaries at the time when the trust was formed.\nIf any of your qualifying businesses was a publicly listed company, you must provide evidence of a shareholding of at least 10% of the total issued capital.\nYou must prove your role in the day-to-day management of your business, for at least 2 of the 4 fiscal years before we invited you to apply for this visa.\nProvide evidence that shows your responsibility for areas such as:\nEvidence of your role in the business may include:\nOrganisational chart must show:\nProvide a full set of financial statements for your qualifying business. These statements must:\nYou must also provide evidence if any of your businesses:\nYou must also provide the most recent set of financial statements for your qualifying business/s if not already included as one of the 2 of the 4 fiscal years immediately before we invited you to apply.\nProvide an Australian police certificate if you and family members who apply for the visa with you have spent a total of 12 months or more in Australia in the last 10 years since turning 16.\nWe only accept complete disclosure National Police Certificates issued by the Australian Federal Police. We do not accept standard disclosure certificates or national police certificates issued by Australian state or territory police.\nFor immigration purposes, Australian police certificates are valid for 12 months from the date of issue.\nAlso provide:\nComplete and provide the following forms:\nProvide proof that all applicants who are 18 years or older at time of applying for this visa have at least functional English.\nIf you can't provide proof of having at least functional English:\nWe will advise you when to pay this.\nWe need to see evidence of your partner's identity and relationship with you.\nProvide:\nFor de facto relationship provide either:\nFor both married and de facto applicants you must provide evidence that you are in a genuine and continuing relationship. Evidence can include but is not limited to:\nFor every dependant 18 years old or younger who is applying with you, provide:\nYou must get consent for any applicant under 18 years of age to migrate to Australia from anyone who:\nThey must complete either:\nAlternatively, you can show us:\nInclude:\nNote: If your child is likely to turn 18 while your application is being processed, you will need to provide evidence they are dependent on you. See the section 'Dependants over 18 documents' below for further information. A child who turns 18 while your application is being processed and who is not dependent on you cannot satisfy the criteria for this visa.\nTo include your child who is over 18 in your visa application, they must be:\nProvide:\nIf your child is likely to turn 23 while your application is being processed, you will need to provide evidence they are dependent on you due to disability.\nYou must demonstrate that the child is dependent on you, by providing:\nYou must also prove this person has been financially dependent on you for at least 12 months before you apply. You could provide:\nNote: A child who turns 23 while your application is being processed and who does not meet these requirements cannot satisfy the criteria for this visa.\nTo nominate someone to:\nUpload your written notification or your forms to ImmiAccount.\nHave all non-English documents translated into English.\nTranslators in Australia must be accredited by the National Accreditation Authority for Translators and Interpreters.\nTranslators outside Australia do not have to be accredited. But on each translation, they must include their:\nThese details must be in English.\nNote: You do not need to have any documents certified.\nScan or photograph all documents (English and non-English) in colour.\nThe scans and photos must be clear.\nIf a document is more than one page, save it all as one file.\nNote: You do not need to have any documents certified.\nProvide 2 recent passport photos (45mm x 35mm) of each person included in the application.\nPhotos should have:\nIf you are applying from China, Macau, Hong Kong or Taiwan use the document checklist from the Australian Consulate General Hong Kong.\nYou and your family members who are applying for this visa will need valid passports. If you plan to get a new passport, do this before applying.\nApply for this visa online in ImmiAccount. You must be invited to apply. Your invitation letter contains instructions on how to submit your application.\nProvide accurate information. See what happens if you can't prove your identity or don't provide true information.\nImmiAccount will tell you the charge. We will not process your application until you pay the correct charge.\nSend your documents\nAfter you submit your application online, send us your documents and other forms.\nIf you live in the People's Republic of China (PRC), Hong Kong (SAR), Macau (SAR) or Taiwan, send the documents to the Australian Consulate General Hong Kong.\nIf you live elsewhere, send your supporting documents via email to the mailbox address specified in the Acknowledgement of Application Received letter. You will receive this letter after you lodge your application via ImmiAccount.\nWe will let you know when we have received your application and documents. You can track and manage your application using ImmiAccount.\nWe don't provide updates on applications. We will be contact you if we need additional information. Wait for us to contact you.\nYou don't have to tell us if you want to travel outside Australia while we process your application. This is because you can be outside Australia when we make a decision.\nBut if you leave Australia, make sure you have a valid visa to return.\nLearn about visa expiry.\nLearn about Bridging visas.\nIf you did not have health examinations before you applied, we will let you know if you need them.\nWe might ask for biometrics (fingerprints and photo). We will let you know if you need to provide them.\nIf you didn't send us all documents when you applied, send them as soon as you can.\nIf you live in the People's Republic of China (PRC), Hong Kong (SAR), Macau (SAR) or Taiwan, send the documents to the Australian Consulate General Hong Kong.\nIf you live elsewhere, send your documents by registered post to:\nAdelaide Visa and Citizenship Office\n Attention: Adelaide Business Skills Processing Centre\nIf you are in Australia, make sure you stay lawful by holding a valid visa while we process your application.\nWhen you applied for this visa, you were granted a Bridging visa A (BVA). If your current visa expires before we decide on your application, the BVA will start. You can stay in Australia on the BVA while we process your new visa application.\nDo not cancel your current visa. If you do, you will:\nLearn more about visa expiry.\nLearn more about Bridging visas.\nIf you need to pay a second instalment, we will send you an invoice after you have met all other requirements for the visa. Pay the invoice after you get it. Do not ask for the invoice.\nYou can include members of the family unit in your application when you apply and at any time before we decide on your application.\nFamily members who apply for the visa must meet our health and character requirements.\nFamily members who are not coming to Australia might also have to meet our health and character requirements.\nComplete Form 1436 Adding an additional applicant after lodgement and\nFind out what to do if your child is born after you apply.\nLet us know as soon as you can if you made a mistake on your application.\nComplete Form 1023 Notification of incorrect answers and attach it in ImmiAccount.\nLet us know if you no longer want someone to:\nUpload your written notification or your forms to ImmiAccount.\nFor more information see Who can help you with your application.\nTell us if things change after you submit your application but before we have made a decision.\nThings you need to let us know about include:\nSee what to do if your situation changes.\nYou can be in or outside Australia when we decide on your visa application.\nWe will let you know our decision in writing.\nIf we grant your visa, we will tell you:\nKeep a copy of the decision.\nIf we refuse your visa, we will tell you:\nWe will not refund the application charge if we refuse your application.\nTo see your specific conditions and work entitlements use VEVO.\nYou and your family must obey all Australian laws.\nYou must also tell us your residential address within 6 months of arriving in Australia.\nThings you need to let us know about include:\nSee how to let us know if there is a change in your situation.\nFrom the date we grant this visa, you can travel to and from Australia for up to 5 years.\nAfter that period, you will need a Resident Return visa (RRV) visa to re-enter Australia as a permanent resident.\nIf you leave Australia after the expiry date of your travel facility, without being granted another permanent visa with a valid travel facility, for example a Resident Return visa (RRV), you will not be able to return to Australia until you have been granted another visa.\nTo see when your travel condition ends, use VEVO.\nIf an immigration officer processes your clearance at our border, we recommend you tell them:\nIf you do not tell them, you might be granted the subclass 444 visa. Grant of a subclass 444 visa might affect your eligibility for Australian citizenship.\nTo prove you have a visa and show your conditions to someone, use VEVO.\nYou are required to:\nAfter becoming involved in business in Australia, you will be asked to complete Form 1010 Survey of Business Skills visa holders.\nDuring your first 3 years in Australia, we will monitor your business activities to make sure you meet these requirements.\nAs an Australian permanent resident, you might be able to sponsor eligible family to come to Australia.\nTo find a visa for a family member, explore visa options.\nAfter a certain time, you might be eligible for Australian citizenship. Find out more about becoming a citizen.\nFor citizenship purposes, your permanent residency starts on the day:\nYou must have a valid passport or other travel document to leave Australia.\nCheck your conditions and the expiry of your Resident Return visa in VEVO.\nSee what you can and must do if your visa has expired or is about to expire.\nWe have an automated process that uses facial recognition technology and your ePassport. You might be able to leave the airport faster if you use SmartGate.\nTo prove you have been to Australia, request your international movement records by completing Form 1359 Request for international movement records."
}