{
    "visaID": "visa1.1",
    "visaType": "visa1",
    "visaName": "Electronic Travel Authority (subclass 601)",
    "link_crawl": "https://immi.homeaffairs.gov.au/visas/getting-a-visa/visa-listing/electronic-travel-authority-601",
    "content": "\n1. Subclass 601\n2. Electronic Travel Authority\nUp to 3 months at a time\nThere is a service charge of AUD20 to use the Australian ETA app. There is no other charge payable for an ETA.\nIn most cases you will be notified of the result of your ETA application immediately. Your application may take longer if you do not complete the application process correctly or we require further information. We recommend that you apply well ahead of when you want to travel.\nSee all conditions\n3. With this visa you can\nTravel to Australia:\nYou can study or train for up to 3 months in total on this visa. If your main reason for travelling to Australia is to study, you should apply for a student visa.\nNote: You should apply for a Visitor (subclass 600) visa and complete the relevant health checks if you are seeking to:\nYou will need a visa if you enter Australia during a cruise.\nIf your cruise is a round trip cruise starting from Australia, the time you spend on the cruise counts as time spent in Australia - that is, we do not consider you have left Australia. A round trip cruise will not reset your stay period on your visa.\nAsk your cruise operator or travel agent if we consider your cruise to be a round trip cruise.\nAs a business visitor, you can:\nYou can't:\nThe ETA is not a work visa. You cannot undertake paid work for an Australian employer. If you work or intend to work in Australia on an ETA, your ETA may be cancelled. You may be removed or refused entry to Australia.\nTo work in Australia, you must hold a visa that permits you to work. See Working in Australia.\n4. How long you can stay\nThis is a temporary visa. It is valid for travel to Australia for either 12 months, or for the period your passport is valid, whichever is shorter.\nThe visa is granted with multiple entry. You can leave and re-enter Australia as many times as you want while it is valid. You can remain in Australia for 3 months after each entry.\nIf you stay in Australia for long periods or make frequent visits to Australia, we may ask you about your travel purpose next time you enter Australia. If you are found not to be a genuine visitor, your ETA may be cancelled.\nIf you want to stay longer than 3 months at a time, you need to apply for a different visa that suits your circumstances.\nThe 12 month visa period starts on the date it is granted unless you hold another substantive visa that is already in effect.\n5. Stay longer\nYou can't stay in Australia longer by extending this visa. You must apply for another visa.\nTo find out about other visas, explore your visa options.\nIf you remain in Australia after your ETA ceases, and do not hold another visa to remain, you will become an unlawful non-citizen and you may be removed from Australia.\n6. Including family\nYou can't include family members, such as children or your spouse, in your application. Each family member, including those listed on your passport, must submit a separate application.\n7. Cost\nThere is no Visa Application Charge (VAC) however there is an application service fee of AUD20 to use the Australian ETA app.\n8. Apply from\nYou must be outside Australia when you apply for the ETA and outside Australia when the visa is granted.\n9. Processing times\nIn most cases, you will be notified of the result of your ETA application immediately.\nYour application might take longer to process if:\nIf you have a criminal conviction in any country, we will need more information from you. You should apply for a Visitor visa (subclass 600) and provide evidence about your criminal convictions.\n10. Your obligations\nYou must meet all visa conditions and obey Australian laws.\n11. Health insurance\nWe recommend you take out health insurance to cover any unforeseen medical treatment you might need in Australia. You are personally liable for all your healthcare costs while you are in Australia. Insurance can help limit your financial liability.\nSee what we consider adequate health insurance.\nLearn more about health insurance for overseas visitors.\nSome countries have a reciprocal healthcare agreement with Australia. Find out more from Services Australia about reciprocal healthcare agreements.\n12. Travel\nYou can travel outside Australia and return as many times as you want while the visa is valid.\n13. Visa label\nWe will digitally link your visa to your passport. You will not get a label in your passport.​​\nYour ETA is attached to your current passport. If your current passport expires or you get a new passport:\n14. Other visas\nIf you hold a Maritime Crew visa or a Special Purpose visa and you are granted an ETA, you will hold both visas concurrently. When you arrive in Australia, you will enter on both visas. You can stay in Australia for the longer of the 2 visa periods.\nIf the longer period exceeds 3 months the ETA will cease, but you can remain for the duration of the other visa's stay period.\nIf you hold any other substantive visa and an ETA when you arrive in Australia, you will enter Australia on your other substantive visa, not your ETA. Your ETA will come into effect when the other visa ceases.\nHowever, the 3-month ETA stay period still begins when you enter Australia.\nCheck your other substantive visa is valid for more than 3 months if you want to stay in Australia longer than the 3-month ETA stay period.\nYou must hold a valid passport from one of these countries to be eligible for an ETA. You cannot apply for an ETA with a non-citizen passport, certificate of identity or other travel document, such as a Titre de Voyage.\nIf you hold more than one passport, you must declare this in your ETA application and provide details of your other passports.\nIf you hold an ETA eligible passport, but you are also an Australian citizen, you cannot apply for an ETA. Australian citizens have an automatic right of entry and do not need a visa to enter Australia. See Travelling as a dual citizen.\nYou must only intend to stay temporarily in Australia and obey any condition or stay period attached to your visa.\nYou must meet our health requirement.\nWhere a visa applicant has previously failed to meet the health requirement, the most appropriate visa for these applicants is a Vistor (subclass 600) visa.\nIf you will be entering health care or hospital environments, you should apply for a Visitor (subclass 600) visa.\nYou must meet our character requirement.\nIf you have a criminal conviction in any country, you should apply for a Visitor visa (subclass 600) and provide evidence about your criminal convictions.\nIf you are granted an ETA, but we find that you provided incorrect information, your ETA may be cancelled.\nIf you or any family members (including those who don't apply for the visa with you) owe the Australian Government money, you or they must have paid it back or have arranged to pay it back.\nWe might not grant this visa if it is not in the best interests of an applicant under 18.\nTravel industry representatives can use the Australian ETA app to assist you in lodging an application. They must take a live facial image of you when they lodge the application. Failure to take a live image may result in your visa not being granted.\nMore information for industry representatives is available at:\nTo apply for an ETA using the Australian ETA app, you need to have:\nYou can't include family members in your application. Each family member, including those listed on your passport, must submit a separate application. If all family members apply using the same mobile device, you can submit and pay for the applications at the same time.\nYou can get help from a friend or family member to apply through the app but you must be physically with them when you apply. Authorised travel agents and industry representatives can also make an ETA application on your behalf using the app.\nMore information for industry representatives is available at:\nIf an agent makes the application on your behalf, you must still be physically present when they make the application. You will need to have your photo taken and have your passport available for scanning.\nAfter you have downloaded and opened the app on your mobile device, you need to:\nNote: You must check that all details of your application, including name and date of birth, are correct before submitting your application. You must also check that you have answered all questions in the app correctly.\nIf you need more help, check the Frequently Asked Questions within the app.\nIf you are ineligible or unable to apply for an ETA using the Australian ETA app, you can apply online for another visa that suits your needs through ImmiAccount.\nEuropean passport holders may be eligible for an eVisitor (subclass 651) visa.\nThere is no charge to make an eVisitor application.\nOther passport holders may be eligible for a Visitor (subclass 600) visa.\nWhen applying, you must truthfully answer all questions. This includes declaring:\nIf you do not provide accurate information your ETA may be cancelled.\nIf your ETA details do not exactly match your passport details you might experience delays when boarding your aircraft or be refused entry in Australia.\nWe cannot change the details on an ETA once it has been issued.\nIn most cases, you will be notified of the result of your ETA application immediately. Sometimes there will be a delay before receiving your notification. Check your emails, including your junk mail folder, for a written notification from us.\nYour application might take longer to process if:\nIf you have a criminal conviction in any country, we will need more information from you. You should apply for a Visitor (subclass 600) visa and provide evidence about your criminal convictions.\nDon't arrange to travel to Australia until we let you know, in writing, that we have granted you the visa.\nWe will let you know our decision on your visa application in writing. If the visa is granted we will tell you:\nYou should keep a copy of our decision with you while in Australia.\nIf we refuse your visa we will let you know in writing. We will tell you why we refused your visa and whether you have a right to a review of the decision.\nYou will receive a letter detailing how to provide this information. You must:\nIf your application cannot be processed without further information you can also consider applying for another visa that is suitable for your travel needs. See explore your visa options\nPlease do not submit further ETA applications through the Australian ETA app. You will receive the same results.\nYou must have:\nYour ETA is electronically linked to the passport you used to apply for your ETA. You must enter Australia using the same passport. If this passport expires or you get a new passport:\nEveryone who arrives in Australia must complete an Incoming Passenger Card.\nA SmartGate is an automated process that uses facial recognition technology and your ePassport. You might be able to leave the airport faster if you use SmartGate.\nYou must meet all visa conditions and obey Australian laws. See your conditions in your visa grant letter or VEVO.\nIf you breach any visa conditions, your ETA may be cancelled. You may be removed or refused entry to Australia.\nYou can check the details and status of your ETA in VEVO.\nYou can also check the status of your application on the Australian ETA App by using the “Visa check” function.\nYour ETA is electronically linked to the passport you used to apply for your ETA. You must enter Australia using the same passport. If this passport expires or you get a new passport, your ETA will cease and you must apply for a new ETA.\nYou can travel to Australia:\nYou can study or train for up to 3 months in total on an ETA. If your main reason for travelling to Australia is to study, you should apply for a student visa.\nAs a business visitor, you can:\nYou can't:\nIf you want to work in Australia, you need to apply for a visa that allows work.\nTo see your specific conditions use VEVO.\nIf you work or intend to work in Australia on an ETA, or breach your visa conditions, your ETA may be cancelled. You may be removed or refused entry to Australia.\nThe ETA is granted with multiple entry. You can leave and re-enter Australia as many times as you want while it is valid. You can stay in Australia for up to 3 months on each entry.\nIf you stay in Australia for long periods or make frequent visits to Australia, we may ask you about your travel purpose next time you enter Australia. If you are found not to be a genuine visitor, your ETA may be cancelled.\nSee when you must leave in VEVO.\nYou can't stay in Australia longer by extending an ETA. You must apply for a new visa if you want to stay longer. See your options.\nTo prove you have an ETA and show your conditions to someone, use VEVO.\nYou must have a valid passport or other travel document to leave Australia.\nWe have an automated process that uses facial recognition technology and your ePassport. You might be able to leave the airport faster if you use SmartGate.\nTo get proof of your travel in and out of Australia, request your international movement records."
}