{
    "visaID": "visa4.18.2",
    "visaType": "visa4.18",
    "visaName": "Special Program",
    "link_crawl": "https://immi.homeaffairs.gov.au/visas/getting-a-visa/visa-listing/temporary-activity-408/special-program",
    "content": "\n1. Temporary Activity visa (subclass 408)\n2. Special Program stream\n3. For Applicants\n4. For Sponsors\nUp to 12 months\nFrom AUD415.00\nFor an indication of processing times for this visa, use the visa processing time guide tool. This will show the processing times for recently decided applications. It is a guide only and not specific to your application.\nSee all conditions\nIf you are getting help with your visa, before you pay someone, read information on Who can help with your visa application.\n5. With this visa, you can\nThis activity aims to enhance international relations and cultural exchange by allowing people to share cultural and social experiences and knowledge in the Australian community through participation in activity-specific programs.\nCultural exchange should be the main purpose of the program.\nThere are 4 special program types under this visa.\nOther Programs\nThis program type lets you take part in activities in Australia to exchange ideas, beliefs, rituals, customs and traditions with people of different or similar ethnic or social backgrounds.\nWe encourage approved Australian organisations to promote these exchanges to foster mutual understanding and tolerance in the Australian community.\nThe program should last between 3 and 12 months.\nYour activities might include:\nYou can't undertake training or tourism as your primary activity.\nYour sponsor must sign a special program agreement with us.\nThis program type lets you assist an Australian language teacher at an Australian school for up to 12 months.\nYou must intend to pursue a career in teaching.\nYou must only work as a teaching assistant at the school. You will assist qualified Australian language teachers in language and cultural matters.\nThe Australian school does not need a special program agreement with us.\nThis program lets you to come to Australia as a school assistant for up to 12 months.\nYou must have recently completed your schooling and be on a gap year before starting work, further studies or training.\nYou will work as a voluntary assistant. You will not replace qualified teaching staff or take formal classes by yourself.\nYour home school (usually a boarding school) does not need a special program agreement with us\nThis program allows for stay in Australia for between 3 and 12 months to partcipate in a youth exchange program. Your sponsor must be part of a broader organisation that sends young Australians overseas for a similar experience. Your sponsor must have a Special Program Agreement with us.\nThe program should usually last between 3 and 12 months.\nYour home organisation must allow an Australian to have a similar experience in a foreign country.\nYour sponsor must sign a special program agreement with us.\n6. How long you can stay\nThis is a temporary visa. We grant the length of stay based on the activity we approve you to do on the visa.\nWe usually grant this visa for no more than 12 months.\nThe visa is granted with multiple entry. You can leave and re-enter Australia as many times as you want while the visa is valid.\nIf you are overseas when the visa is granted, the visa stay period starts on the day that you enter Australia. If you are in Australia, the visa starts on the day that it is granted.\nYour visa grant letter will tell you how long you can stay.\n7. Stay longer\nYou can't stay in Australia longer by extending this visa. Explore your visa options.\n8. Include family\nYou can:\nFamily members who apply for the visa with you must also meet our health and character requirements.\nSubsequent entrants\nIf we grant you the visa, your family members might be able to apply to join you in Australia later as subsequent entrant.\n9. Cost\nThe visa costs AUD415.00 for the main applicant.\nThere is also a charge for each family member who applies for the visa with you.\nYou might also have to pay other costs for health checks, police certificates and biometrics.\nTo work out what your visa will cost use the Visa Pricing Estimator. The estimator does not take into account the other costs.\n10. Apply from\nYou can be in or outside Australia, but not in immigration clearance, when you apply for the visa and when we decide on your application.\n11. Processing times\nFor an indication of processing times for this visa, use the visa processing time guide tool. This will show the processing times for recently decided applications. It is a guide only and not specific to your application.\nYour application might take longer to process if:\nWe can't process your application if you don't pay the correct visa application charge. We will let you know if this is the case.\n12. Your obligations\nYour activities must not harm the work, training or job conditions of Australian citizens or permanent residents.\nYou and your family must meet all visa conditions and follow Australian laws.\nLearn more about conditions for this visa.\nIf your sponsor, supporting organisation or individual stops your activity or employment, you must do one of the following:\n13. Travel\nYou can travel outside Australia and return as many times as you want while the visa is valid.\nThe time you spend outside Australia does not extend the visa.\n14. Visa label\nWe will digitally link your visa to your passport. You will not get a label in your passport.\nIf we grant you a visa, we will send you a grant notification letter containing the visa grant number. You can use this number to access your digital visa record.\nYou must be travelling to Australia to take part in an approved special program. There are 4 types of special programs:\nThe main purpose of the program you take part in should be cultural exchange. You should be here to share cultural and social experiences and knowledge by taking part in the program.\nYou don't need a sponsor to apply for this visa if you:\nYou must have a supporter to apply for this visa.\nYou need a sponsor to apply for this visa if you:\nYou must have enough money to support yourself and any dependent family members who travel to Australia with you.\nYou must be the right age for the special program you apply for.\nYou and any family members who apply for the visa with you must meet our health requirement.\nYou and family members aged 16 years and over who apply for the visa with you must meet our character requirement.\nYou are personally liable for all your healthcare costs while you are in Australia. Medical insurance helps limit your financial liability.\nYou must have adequate health cover for the whole of your stay to be granted this visa. Your cover should cover you for medically necessary treatment, including transport.\nSee more about health insurance for overseas visitors.\nSome countries have a reciprocal healthcare agreement with Australia. Find out more from Services Australia about reciprocal healthcare agreements.\nYou can't use our temporary visa program to maintain ongoing residency in Australia.\nThe genuine temporary entrant (GTE) requirement helps us to make sure that you use temporary visas correctly.\nWe generally do not let temporary residents extend their stay in Australia beyond 4 years by applying for this visa.\nWe must be satisfied that you have a genuine intention to stay here temporarily.\nWhen assessing your application, we will consider:\nIf you owe the Australian Government money, you must have paid it back or have a formal arrangement to pay it back.\nWe will consider your immigration history when we make a decision on your application, which means you might not be eligible for this visa if you have had a visa cancelled or refused.\nIn some circumstances you may still apply for a permanent visa if you have had a visa cancelled or an application refused see Limitations on applications in Australia.\nIf applying for a visa from outside Australia see Can I go to Australia.\nIf you want immigration assistance, see Who can help with your visa application.\nYou must have an eligible sponsor or supporter. Let us know if you are getting help with your application.\nOnly some people can help you with your application. If you appoint someone to give you immigration assistance they must be:\nYou can appoint anyone to receive documents on your behalf relating to your visa matter.\nProvide evidence to support your application, including sponsor or supporter documents.\nProvide accurate information. See what happens if you can't prove your identity or don't provide true information.\nProvide the pages of your current passport showing your photo, personal details, and passport issue and expiry dates.\nAlso provide:\nDocuments that prove a change of name include:\nIf you are being sponsored for the visa, provide evidence your sponsor:\nIf you are taking part in a School to School Interchange program, a School Language Assistants program or other programs, provide evidence that your sponsor is:\nIf you are taking part in a special program that requires a special program agreement, provide evidence that your sponsor is:\nYou can't be sponsored for this visa stream by an individual or a sole trader.\nYou must provide evidence your supporter will meet their obligations to you and anyone who applies for the visa with you\nIf you are taking part in a youth exchange program, provide evidence that your supporter is an Australian organisation or government agency.\nIf you are taking part in any other kind of special program, provide evidence that your supporter is:\nYour supporter can't be an individual or a sole trader.\nThe letter of support needs to be provided with your application.\nShow us you can support yourself and any dependents who travel with you during your stay in Australia by providing:\nWe can also consider allowances, accommodation and other help from your employer.\nWe will tell you if and when you need to get a police certificate.\nTo nominate someone to:\nUpload your written notification or your forms to ImmiAccount.\nProvide a copy of your curriculum vitae detailing your experience and qualifications.\nProvide your partner's:\nFor de facto relationships provide either:\nFor both married and de facto applicants you must provide evidence that you are in a genuine and continuing relationship. Evidence can include but is not limited to:\nFor every dependant 18 years old or younger who is applying with you, provide:\nYou must get consent for any applicant under 18 years of age to migrate to Australia from anyone who:\nThey must complete either:\nAlternatively, you can show us:\nInclude:\nTo include your child who is over 18 in your visa application, they must be:\nIf your child is likely to turn 23 while your application is being processed, you will need to provide evidence they are dependent on you due to disability.\nProvide:\nYou must also provide proof the child is dependent on you.\nHave all non-English documents translated into English.\nProvide original and translated documents in your application.\nTranslators in Australia must be accredited by the National Accreditation Authority for Translators and Interpreters.\nTranslators outside Australia do not have to be accredited. But on each translation, they must include their:\nThese details must be in English.\nNote: You do not need to have any documents certified.\nScan or photograph all documents (English and non-English) in colour.\nThe scans and photos must be legible.\nIf a document is more than one page, save it all as one file.\nYou must apply for this visa online. You can be in or outside Australia when you apply.\nProvide accurate information. See what happens if you can't prove your identity or don't provide true information.\nWe will not process your application until you pay the fee.\nYou must pay the fee and attach documents for all family members who apply.\nWe will let you know when we have received your application. See what you can and must do after apply.\nWe can’t give updates on applications within the standard processing time.\nYou can check if we need more information from you in ImmiAccount\nIf you are in Australia, you don't have to tell us if you want to travel outside Australia while we process your application. This is because you can be outside Australia when we make a decision.\nBut if you leave Australia, make sure you have a valid visa to return.\nLearn about visa expiry.\nIf you didn't have health examinations before you applied, we will let you know if you need them. Check ImmiAccount.\nWe might ask for biometrics (fingerprints and photo). We will let you know if you need to provide them.\nIf you did not attach all documents when you applied, attach them as soon as possible in ImmiAccount.\nWe might also ask you to provide more information.\nIf you are in Australia, make sure you stay lawful by holding a valid visa while we process your application.\nIf you were in Australia when you applied for this visa, you may be granted:\nIf your current visa expires before we decide your application, the bridging visa will come into effect. You can stay in Australia on the bridging visa while we process your visa application. You can't re-enter Australia on a BVA or BVC - there is no right of return on these visas and they will cease on departure.\nLearn more about visa expiry.\nCheck what conditions might apply to your bridging visa or the visa you have applied for with our condition checker.\nYou can add members of the family unit to your application before we decide on your visa.\nIf we grant you the visa, your family members might be able to apply to join you in Australia later as subsequent entrant. You should declare any family members you might wish to include on your visa when you apply, even if they don't plan to travel with you to Australia at that time.\nFind out what to do if your child is born after you apply.\nLet us know as soon as you can if you made a mistake on your application.\nComplete Form 1023 Notification of incorrect answers (168KB PDF) and attach it in ImmiAccount.\nLet us know if you no longer want someone to:\nUpload your written notification or your forms to ImmiAccount.\nFor more information see Who can help you with your application.\nTell us if things change after you submit your application but before we have made a decision.\nThings you need to let us know about after you have applied include:\nSee how to tell us if your situation changes.\nYou can be in or outside Australia, but not in immigration clearance, when we decide on your visa application. We will let you know our decision in writing.\nIf we grant your visa, we will tell you:\nKeep a copy of the decision.\nIf we refuse your visa, we will tell you:\nWe will not refund the application charge if we refuse your application.\nYou must have:\nAll people arriving in Australia must complete the Incoming Passenger Card. You will be given this card onboard.\nWe have an automated process that uses facial recognition technology and your ePassport. You might be able to leave the airport faster if you use the SmartGate.\nTo see your specific conditions and work entitlements use VEVO.\nYou and your family members must meet all visa conditions and obey Australian laws.\nSee your conditions in VEVO.\nLearn more about visa conditions and how they work.\nThings you need to let us know about include:\nSee how to tell us if there is a change in your situation.\nThe visa stay period starts on the date you enter Australia.\nYou can check your visa stay period in your visa grant letter or use VEVO.\nTo see when you must leave, use VEVO.\nYou can't stay in Australia longer by extending this visa. You must apply for a new visa if you want to stay longer.\nSee your options.\nYou must make your first entry to Australia by the date specified in the visa grant letter. This is the Must not arrive after date.\nOnce you make your first entry to Australia your Visa stay period starts. Your Visa stay period is the length of time you can stay in Australia.\nYou can travel outside Australia and return as many times as you want during your Visa stay period while the visa is valid.\nTime spent outside Australia does not extend the visa. The visa stay period does not start again each time you enter Australia. Any time you spend outside of Australia counts as part of the stay period.\nSee your conditions in VEVO.\nTo prove you have a visa and show your conditions to someone, use VEVO.\nTo see your conditions for work, use VEVO.\nIf you have permission to work, you are protected by Australian workplace law. See your workplace rights and entitlements.\nMembers of your family unit, who did not apply for the visa with you might be eligible to apply for a subsequent entrant visa.\nApply for a subsequent entrant visa using the Temporary Activity, International Relations or Training Visa (Subsequent Entrant) (403,407,408) form in ImmiAccount.\nYou must have a valid passport or other travel document to leave Australia.\nEnsure your visa is still valid.\nSee what to do if your visa has expired or is about to expire.\nWe have an automated process that uses facial recognition technology and your ePassport. You might be able to leave the airport faster if you use SmartGate.\nYou are likely to have some money in a superannuation fund if you worked in Australia and you are:\nSee how to access your super.\nTo get proof of your travel in and out of Australia request your international movement records."
}