{
    "visaID": "visa4.15.2",
    "visaType": "visa4.15",
    "visaName": "Skilled Work Regional (Provisional) visa – Subsequent entrant",
    "link_crawl": "https://immi.homeaffairs.gov.au/visas/getting-a-visa/visa-listing/skilled-work-regional-provisional-491/subsequent-entrant",
    "content": "\n1. Subclass 491\n2. Skilled Work Regional (Provisional) visa – Subsequent entrant\nUntil the visa that your family member holds ends.\nFrom AUD4,770.00\nFor an indication of processing times for this visa, use the visa processing time guide tool. This will show the processing times for recently decided applications. It is a guide only and not specific to your application.\nSee all conditions\nIf you are getting help with your visa, before you pay someone, read information on Who can help with your visa application.\n3. With this visa, you can\n4. Designated regional area\nYou will need to live, work and study only in a designated area.\n5. How long you can stay\nThis is a temporary visa. You can stay until the visa that your family member holds ends.\n6. Stay longer\nYou can't stay in Australia longer by extending this visa. Explore your visa options.\nIf you want to stay in Australia permanently, you might be eligible for a Permanent Residence (Skilled Regional) visa (subclass 191).\n7. Include family\nYou can include members of the family unit in your application. You can:\nFamily members who apply for the visa must meet our health and character requirements.\nFamily members not accompanying you to Australia might also need to meet our health and character requirements.\nIf your partner or dependent children are not included in this application, tell us the reason why (for example, they already hold Australian citizenship or are a permanent resident).\n8. Cost\nFrom AUD4,770.00 for the main applicant.\nThere is also a charge for each family member who applies for the visa with you.\nYou might have to pay an extra charge for any applicant 18 years old or older who has less than functional English. This charge is called the second instalment charge. Pay it only when we ask you to. We ask for the charge only if we are going to grant the visa.\nThe second instalment charge is AUD4,890.\nTo work out what your visa will cost use the Visa Pricing Estimator. The estimator does not take into account the second instalment or other costs. You might also have to pay other costs for health checks, police certificates and biometrics.\n9. Apply from\nYou can be in or outside Australia, but not in immigration clearance when you apply for the visa and when we decide on your application.\nIf you apply in Australia, you must hold a substantive visa or a subclass 010 Bridging A visa, a subclass 020 Bridging B visa or a subclass 030 Bridging C visa, otherwise your application will not be valid.\n10. Processing times\nFor an indication of processing times for this visa, use the visa processing time guide tool. This will show the processing times for recently decided applications. It is a guide only and not specific to your application.\nWe assess applications on a case-by-case basis, and actual processing times can vary due to individual circumstances including:\n11. Your obligations\nYou and your family must meet all visa conditions and Australian laws.\nLearn more about conditions for this visa.\n12. Travel\nYou can travel out of Australia and return as many times as you want while the visa is valid.\nThe time you spend outside Australia does not extend the visa.\n13. Visa label\nWe will digitally link your visa to your passport. You will not get a label in your passport.\nThere is no age limit for this visa.\nYou must:\nYou and family members aged 18 years or older who are applying for the visa with you must either:\nYou and any family members who apply for the visa with you must meet our health requirement.\nIf requested, family members not accompanying you to Australia might also need to meet our health requirement.\nYou and family members aged 16 years and over who are applying for the visa with you must meet our character requirement. Family members not accompanying you to Australia must also meet the character requirement.\nIf you are 18 years of age or older, you must:\nIf you or any family members (including those who do not apply for the visa with you) owe the Australian Government money, you or they must have paid it back or arranged to pay it back.\nWe will consider your immigration history when we make a decision on your application, which means you might not be eligible for this visa if you have had a visa cancelled or refused.\nIn some circumstances you may still apply for a permanent visa if you have had a visa cancelled or an application refused see Limitations on applications in Australia.\nIf applying for a visa from outside Australia see Can I go to Australia.\nIf you want immigration assistance, see Who can help with your visa application.\nBefore you apply you need to gather and prepare your documents. You might need to get health exams.\nOnly some people can help you with your application. If you appoint someone to give you immigration assistance they must be:\nYou can appoint anyone to receive documents on your behalf relating to your visa matter.\nWe prefer that you have any health checks before you apply for the visa.\nFind out the examinations you need and how to arrange them before you apply.\nProvide proof of your identity and relationships. You will also need to provide documents for your partner and any dependent children.\nProvide accurate information. See what happens if you can't prove your identity or do not provide true information.\nProvide the pages of your current passport showing your photo, personal details, and passport issue and expiry dates.\nAlso provide:\nDocuments that prove a change of name include:\nIf you are or have been married, widowed, divorced or permanently separated, provide proof such as marriage certificates, divorce documents, death certificates, separation documents or statutory declarations.\nIf your partner or dependent children are not included in this application, tell us the reason why (for example, they already hold Australian citizenship or are a permanent resident).\nProvide an Australian police certificate if you have spent a total of 12 months or more in Australia in the last 10 years since you turned 16.\nWe only accept complete disclosure National Police Certificates issued by the Australian Federal Police. We do not accept standard disclosure certificates or national police certificates issued by Australian state or territory police.\nFor immigration purposes, Australian police certificates are valid for 12 months from the date of issue.\nAlso provide:\nComplete and provide the following forms:\nProvide proof that all dependent applicants aged 18 years and older, who did not pay the second instalment of the visa application charge at provisional stage, have at least functional English.\nIf any of the dependent applicants, who did not pay the second instalment cannot show evidence of functional English, you will need to pay the second instalment of the visa application charge for each of those dependent applicants, when we ask you to.\nWe need to see evidence of your partner's identity and relationship with you.\nProvide:\nFor de facto relationship provide either:\nFor both married and de facto applicants you must provide evidence that you are in a genuine and continuing relationship. Evidence can include but is not limited to:\nFor every dependant 18 years old or younger who is applying with you, provide:\nYou must get consent for any applicant under 18 years of age to migrate to Australia from anyone who:\nThey must complete either:\nAlternatively, you can show us:\nInclude:\nYou don't have to prove that your dependant under 18 years of age has functional English.\nNote: If your child is likely to turn 18 while your application is being processed, you will need to provide evidence they are dependent on you. See the section 'Dependants over 18 documents' below for further information. A child who turns 18 while your application is being processed and who is not dependent on you cannot satisfy the criteria for this visa.\nTo include your child who is over 18 in your visa application, they must be:\nIf your child is likely to turn 23 while your application is being processed, you will need to provide evidence they are dependent on you due to disability.\nProvide:\nYou must also provide proof the child is dependent on you.\nNote: A child who turns 23 while your application is being processed and who does not meet these requirements cannot satisfy the criteria for this visa.\nTo nominate someone to:\nUpload your written notification or your forms to ImmiAccount.\nHave all non-English documents translated into English.\nProvide original and translated documents in your application.\nTranslators in Australia must be accredited by the National Accreditation Authority for Translators and Interpreters.\nTranslators outside Australia do not have to be accredited. But on each translation, they must include their:\nThese details must be in English.\nNote: You do not need to have any documents certified.\nScan or photograph all documents (English and non-English) in colour.\nThe scans and photos must be clear.\nIf a document is more than 1 page, save it all as 1 file.\nYou must apply for this visa online. You can be in or outside Australia when you apply for the visa. You must have a valid passport.\nProvide accurate information. See what happens if you can't prove your identity or do not provide true information.\nEach family member must have their application fee paid and documents attached to their application.\nSee what you can and must do after you apply.\nWe do not give updates on applications within the standard processing time.\nYou can check if we need more information from you in ImmiAccount.\nIf you are in Australia, you don't have to tell us if you want to travel outside Australia while we process your application. This is because you can be outside Australia when we make a decision.\nBut if you leave Australia, make sure your visa allows you to return. To see if you can return on your current visa, check VEVO.\nLearn about visa expiry.\nIf you applied outside Australia, don't arrange travel to Australia, leave your job or sell your home until we advise you in writing that you have been granted the visa.\nIf you didn't have health examinations before you applied, we will let you know if you need them. Check ImmiAccount.\nWe might ask for biometrics (fingerprints and photo). We will let you know if you need to provide them.\nIf you did not attach all documents when you applied, attach them as soon as you can ImmiAccount.\nWe might also ask you to provide more information; however we are not obliged to do so and may make a decision on your application without requesting more documents.\nIf you are in Australia, make sure you stay lawful by holding a valid visa while we process your application.\nWhen you applied for this visa, you were granted a Bridging visa A (BVA). If your current visa expires before we decide on your application, the BVA will come into effect. You can stay in Australia on the BVA while we process your new visa application.\nDo not ask to have the visa you currently hold cancelled. If your visa is cancelled:\nLearn more about visa expiry.\nIf you need to pay a second instalment, pay it when we send you the invoice.\nYou can add dependent children to your application after you apply but before we decide on your visa.\nComplete Form 1436 - Adding an additional applicant after lodgement, pay using ImmiAccount, attach the form and supporting documents to your ImmiAccount.\nFamily members who apply for the visa must meet our health and character requirements.\nFamily members who are not coming to Australia do have to meet our character requirement and might have to meet our health requirement.\nIf your child is born after you submit your application but before we decide on your visa, you must tell us as soon as possible.\nFind out what to do if your child is born after you apply\nYou must tell us as soon as possible if you made a mistake on your application.\nComplete Form 1023 Notification of incorrect answers and attach it in ImmiAccount.\nLet us know if you no longer want someone to:\nUpload your written notification or your forms to ImmiAccount.\nFor more information see Who can help you with your application.\nThings you need to let us know about after you have applied include:\nSee how to tell us if your situation changes.\nYou can be in or outside Australia when we decide your visa application but not in immigration clearance. We will let you know our decision in writing.\nIf we grant your visa, we will tell you:\nKeep a copy of the decision.\nIf we refuse your visa, we will tell you:\nWe will not refund the application charge if we refuse your application.\nIf you are outside Australia when the visa is granted, you must enter Australia before a date that we specify on your visa grant letter.\nYou must have:\nAll people arriving in Australia must complete the Incoming Passenger Card. You will be given this card onboard.\nWe have an automated process that uses facial recognition technology and your ePassport. You might be able to leave the airport faster if you use SmartGate.\nTo see your specific conditions, work and study requirements, use VEVO.\nYou and your family members must comply with all visa conditions and Australian laws. See your conditions in your visa grant letter or VEVO.\nThings you need to let us know about include:\nSee how to tell us if there is a change in your situation.\nThis is a temporary visa.\nTo see when you must leave or apply for a further visa to remain in Australia, refer to your visa grant letter and the information in VEVO.\nYou can't stay in Australia longer by extending this visa. You must apply for a new visa if you want to stay longer.\nSee your options.\nIf you want to stay in Australia permanently and you or your partner have satisfied the work and residence requirements, you might be eligible for Permanent Residence (Skilled Regional) visa (subclass 191).\nYou can travel outside Australia and return as many times as you want while the visa is valid.\nTime spent outside Australia does not extend the visa.\nSee your conditions in VEVO.\nIf an immigration officer processes your clearance at our border, we recommend you tell them:\nIf you do not tell them, you might be granted the subclass 444 visa. Grant of a subclass 444 visa might affect your eligibility for permanent residency through a Permanent Residence (Skilled Regional) visa (subclass 191) and ultimately, your eligibility for permanent residency or  Australian citizenship.\nIf you wish to provide evidence you have a visa and conditions to someone, use VEVO.\nYou can work in any occupation and for any employer, in line with the work and residence conditions attached to your visa.\nYou will need to live and work in an area specified as a designated regional area\nSee your specific conditions in your visa grant letter or VEVO.\nYou are protected by Australian workplace law. See your workplace rights and entitlements.\nYou must have a valid passport or other travel document to leave Australia and return.\nIf applicable ensure your visa is still valid and allows you to re-enter Australia. You can check your visa validity in VEVO.\nWe have an automated process that uses facial recognition technology and your ePassport. You could leave the airport faster if you use a SmartGate.\nYou are likely to have some money in a superannuation fund if you worked in Australia and you are:\nSee how to access your super.\nTo prove you have been to Australia, request your international movement records by completing Form 1359 Request for international movement records"
}