{
    "visaID": "visa7.3",
    "visaType": "visa7",
    "visaName": "Business (Short Stay) visa (subclass 456)",
    "link_crawl": "https://immi.homeaffairs.gov.au/visas/getting-a-visa/visa-listing/repealed-visas/business-short-stay-visa-subclass-456",
    "content": "Business (Short Stay) visa (subclass 456)The Business (Short Stay) visa (subclass 456) closed to new applications from 23 March 2013. The work entitlements on this visa have been replaced by the Temporary Work (Short Stay Activity) visa (subclass 400). From 19 November 2016, this visa was replaced by the Temporary Work (Short Stay Specialise) visa (subclass 400).\nBusiness people intending to travel to Australia for a short business visit (for example, going to a conference, negotiation or meeting) but not intending to work in Australia, can apply for the Business Visitor stream of the Visitor visa (subclass 600).\n\n1. Visa holders\nWe told you how long your visa lasts when you were sent the Notification of Grant letter. You cannot apply to extend your visa.\nThis visa allows you to visit Australia for short-term business purposes, including business-related meetings, seminars, conventions, conferences or networking.\nThe visa allows you to enter Australia for:\nWork is usually not allowed. However, you might be able to do some work — for example, if the work is highly specialised and non-ongoing (usually less than six weeks for the life of the visa).\nIf your visa was granted with a ‘No further stay’ condition, you cannot apply for any other visa (except for a Protection visa) while you are in Australia.\nYou and your family must:\nYou must not:\nYou must tell us if your circumstances change.  This includes a new residential address, a new passport, or a pregnancy, birth, divorce, separation, marriage, de facto relationship or death in your family.\nPlease report changes in your circumstances via ImmiAccount.  If you are not able to use ImmiAccount, you can use the following forms:\nIf you do not provide us with the details of any new passport issued to you, you could experience significant delays at the airport and may be denied permission to board your plane."
}