{
    "visaID": "visa7.25",
    "visaType": "visa7",
    "visaName": "Skilled Independent Regional (Provisional) visa (subclass 495)",
    "link_crawl": "https://immi.homeaffairs.gov.au/visas/getting-a-visa/visa-listing/repealed-visas/skilled-independent-regional-provisional-visa-subclass-495",
    "content": "Skilled — Independent Regional (Provisional) visa (subclass 495)The Skilled - Independent Regional (Provisional) visa (subclass 495) closed to new applications on 1 September 2007. You might be able to get the Skilled – Regional (Provisional) (subclass 489) visa.\nMembers of your family unit might be able to get the Skilled – Regional (Provisional) (subclass 489) visa if you already hold this visa and they want to join you in Australia.\n\n1. Visa holders\nThis visa is valid for four years after you first enter Australia.\nYou can use  Visa Entitlement Verification Online (VEVO) for free to check your visa details and entitlements.\nThis visa is valid for four years after you first enter Australia.\nThis visa allows you and your dependent family members who also hold a subclass 495 visa to:\nYou cannot access Medicare, family assistance or social security benefits.\nYou and your family must comply with all visa conditions and Australian laws.\nYou must tell us if your circumstances change.  This includes a new residential address, a new passport, or a pregnancy, birth, divorce, separation, marriage, de facto relationship or death in your family.\nPlease report changes in your circumstances via ImmiAccount.  If you are not able to use ImmiAccount, you can use the following forms:\nIf you do not provide us with the details of any new passport issued to you, you could experience significant delays at the airport and may be denied permission to board your plane.\n​​​​​"
}