{
    "visaID": "visa4.12",
    "visaType": "visa4",
    "visaName": "Skilled Nominated visa (subclass 190)",
    "link_crawl": "https://immi.homeaffairs.gov.au/visas/getting-a-visa/visa-listing/skilled-nominated-190",
    "content": "\n1. Subclass 190\n2. Skilled Nominated visa\nPermanently\nFrom AUD4,770.00\nFor an indication of processing times for this visa, use the visa processing time guide tool. This will show the processing times for recently decided applications. It is a guide only and not specific to your application.\nSee all conditions\nIf you are getting help with your visa, before you pay someone, read information on Who can help with your visa application.\n3. With this visa you can\nNewly arrived residents may have to wait before they can access certain Australian Government payments and benefits.\n4. How long you can stay\nThis is a permanent visa. It lets you stay in Australia indefinitely. The visa has a travel component that expires 5 years after the date of visa grant.\nYou become a permanent resident on the day we grant the visa.\nFor citizenship purposes, your permanent residency starts on the day:\n5. Include family\nYou can include members of the family unit in your application. You can:\nFamily members who apply for the visa must meet our health and character requirements. Family members not accompanying you to Australia might also need to meet our health and character requirements.\nIf your partner or dependent children are not included in this application, to assist us in processing your visa please tell us the reason why.\n6. Cost\nThe visa costs AUD4,770.00 for the main applicant.\nThere is also a charge for each family member who applies for the visa with you.\nTo work out what your visa will cost use the Visa Pricing Estimator.\nYou might have to pay an extra charge for any applicant 18 years old or older who has less than functional English. This charge is called the second instalment. Pay it only when we ask you to. We ask for the charge only if we are going to grant the visa.\nThe second instalment charge for family members is AUD4,885.\nThe Visa Pricing Estimator does not include the second instalment or other costs.You might also have to pay other costs for health checks, police certificates and biometrics.\n7. Apply from\nYou can be in or outside Australia when you apply for the visa and when we decide your application but not in immigration clearance.\nIf you apply in Australia, you must hold a substantive visa or a Subclass 010 Bridging A visa, a Subclass 020 Bridging B visa or a Subclass 030 Bridging C visa, otherwise your application will not be valid.\n8. Processing times\nFor an indication of processing times for this visa, use the visa processing time guide tool. This will show the processing times for recently decided applications. It is a guide only and not specific to your application.\nWe assess applications on a case-by-case basis, and actual processing times can vary due to individual circumstances including:\n9. Travel\nYou can travel in and out of Australia as many times as you want for 5 years from the date we grant the visa. After 5 years you will need a Resident Return (RRV) visa (subclass 155 or 157) to re-enter Australia as a permanent resident.\n10. Visa label\nWe will digitally link your visa to your passport. You will not get a label in your passport.\nIf you are in Australia at the time you apply, you must hold one of the following:\nIf you currently hold or your last substantive visa held was either:\nYou must have held that visa for at least 3 years at the time you apply.\nYou can only apply for this visa if we invite you to. See before you apply.\nSubmit an expression of interest (EOI) to let us know you would like to apply for the visa.\nAfter you have submitted an EOI, you might be nominated for the visa by a state or territory government. We will only invite you to apply for this visa if you are nominated.\nYou must have been nominated for this visa by an Australian state or territory government agency.\nSubmit a completed expression of interest (EOI) in SkillSelect. State and territory government agencies can see your completed EOI and might nominate you for the visa.\nIf you are nominated for the visa, we will invite you to apply.\nAll state and territory government agencies have their own criteria for deciding who they will nominate. Contact the state or territory agency directly to find out more about their nomination process and what they want from you.\nIf the state or territory agency that nominates you withdraws your nomination after you have applied, your application becomes invalid.\nFor your application to be valid, you must declare that you have a suitable skills assessment at the time of invitation.\nDelegates of the Minister will now accept a suitable skills assessment for an applicant’s nominated skilled occupation which has been obtained within the 60 day invitation period.\nThis change of approach is made as a result of the decision of Thapa v Minister for Immigration, Citizenship, Migrant Services and Multicultural Affairs [2021] FCCA 686 (Thapa). The Minister will administer the Migration Regulations 1994 in accordance with the decision in Thapa, but the Minister reserves the right to make submissions in a Court that Thapa was wrongly decided.\nYou will need to provide a copy of this skills assessment with your application.\nFor medical and legal practitioners, we also accept the following as proof of a skills assessment:\nYour skills assessment must have been obtained in the 3 years before the date of your invitation. If the assessment was for a shorter period, that period must not have passed.\nIf your skills were assessed on the basis of a qualification you got in Australia when you held a student visa, the qualification must be from studying a course registered on CRICOS.\nYou must be aged under 45 when we invite you to apply for the visa.\nYou can still apply for the visa if you turn 45 after we invite you to apply.\nIf you turn 45 after you submit your EOI but before we invite you to apply, you will not be invited to apply.\nThe subclass 190 is a points-tested visa.\nWhen you submit your EOI in SkillSelect you will be given an indicative points score based on the claims you have made. If you do not obtain a score of 65 points you will not be invited to apply for this visa.\nIf we do invite you to apply for the visa, your invitation will state the number of points that you must score when we assess your application for grant of the visa (this score may be higher than 65 points, depending on your claims in the EOI).\nWhen you lodge your application you must provide evidence supporting your claims.\nTo check how points can be awarded refer to the points calculator.\nAt the time of invitation, you must have at least competent English.\nYour occupation must be on the relevant list of eligible skilled occupations for the 190 Skilled Nominated visa\nYou and any family who apply for the visa with you must meet our health requirement.\nIf requested, family members not accompanying you to Australia might also need to meet our health requirement.\nYou and family members aged 16 years and over who apply for the visa with you must meet our character requirement.\nFamily members not accompanying you to Australia must also meet the character requirement.\nIf you or any family members (including those who do not apply for the visa with you) owe the Australian Government money, you or they must have paid it back or arranged to pay it back.\nIf you are 18 years of age or older, you must:\nWe will consider your immigration history when we make a decision on your application, which means you might not be eligible for this visa if you have had a visa cancelled or refused.\nIn some circumstances you may still apply for a permanent visa if you have had a visa cancelled or an application refused see Limitations on applications in Australia (129KB PDF).\nIf applying for a visa from outside Australia see Can I go to Australia.\nIf you want immigration assistance, see Who can help with your visa application.\nYou must submit an expression of interest (EOI) through SkillSelect to let us know you want to apply for this visa.\nWe prefer that you have any health checks before you apply for the visa.\nFind out the examinations you need and how to arrange them.\nIf you need help with your EOI you can use a registered migration agent or legal practitioner. For information on how to find someone to help you see Who can help you with your application.\nYou must submit an expression of interest (EOI) to let us know you want to apply for this visa.\nYour occupation must be on the relevant list of eligible skilled occupations for the Skilled Nominated (subclass 190) visa.\nYou must have a suitable skills assessment at the time we invite you to apply.\nThe assessment must be undertaken by an assessing authority listed against your occupation in the list of eligible skilled occupations. You might have to pay for the assessment.\nTo be eligible for a visa your skills assessment must have been obtained within the 3 years before the date of invitation. If the assessment was for a shorter period, that period must not have passed.  We can't accept a skills assessment issued more than 3 years before the invitation date.\nIf your skills were assessed on the basis of a qualification you got in Australia when you held a student visa, the qualification must be from studying a course registered on CRICOS.\nFor medical practitioners we accept evidence of registration issued by the Australian Health Practitioner Regulation Agency. You must hold either:\nYou must show that you hold this registration at the time we invite you to apply.\nA suitable skills assessment for barristers and solicitors is evidence of admission to practice as a lawyer in an Australian state or territory.\nThe relevant legal admissions authority must have admitted you to practice at the time we invite you to apply.\nYou must be able to obtain at least 65 points on our points test to be eligible for this visa. If you cannot obtain 65 points we will not invite you to apply.\nIf we invite you to apply for the visa, you must prove the claims you make in your EOI when we assess your application.\nUse the points calculator to check how many points you might score\nCheck that you meet all other eligibility criteria for the visa.\nIf we invite you to apply for the visa, you will have to support the claims you make in your EOI as well as other criteria if you submit an application.\nSee what documents you will need to prove your claims before you submit your EOI in the Gather documents section below.\nSubmit your EOI via Skillselect. You can submit it from within or outside Australia.\nYour EOI is not a visa application. There is no fee for submitting an EOI.\nSelect the Skill Nominated (subclass 190) visa.\nYou will receive an email confirming your EOI has been submitted.\nSkillSelect will estimate your points score based on the claims made in your EOI.\nYou must have an estimated score of at least 65 points to be invited to apply for this visa.\nOnce your EOI is submitted it will be visible to state and territory governments. If you have the skills they need, a state or territory government agency might nominate you for the visa.\nIf you are nominated, you will get an invitation to apply for this visa.\nAn EOI is not a visa application.\nIf you submit an EOI in Australia and your current visa is about to expire, you must apply for another visa to stay in Australia lawfully.\nYou are not eligible for a bridging visa because the EOI is not a visa application. You are only eligible for a bridging visa after you are invited and apply for this visa.\nLet us know through SkillSelect if:\nYou must be able to meet the points score on your invitation letter if we invite you to apply or you will not be granted a visa.\nSkillSelect will update your indicative points score if you make changes to your EOI. You can change your EOI at any time before we invite you to apply for a visa.\nWe allocate places for the skilled migration program to meet the Australian Government’s migration planning levels.\nOnce invited, you have 60 calendar days to apply for the visa. We cannot extend this time.\nYou could receive an invitation up to 2 years after submitting an EOI. If we invite you to apply you will receive an email from SkillSelect. Getting an invitation does not mean you will be granted the visa.\nThe invitation will include the number of points you must score based on your EOI claims.\nAfter you apply for the visa, you must show that you:\nIf you do not apply for the visa after two invitations, your EOI will be removed from SkillSelect.\nWe will not process your visa application if you are 45 at the time of your invitation.\nIf you can't show you meet the points score on your invitation or the other visa criteria, then do not apply for the visa.\nYour EOI will be suspended if an invitation is issued, but you can update information once the 60-day invitation period has passed. If this is your second invitation, you will have to submit another EOI if you still want the visa.\nOnly some people can help you with your application. If you appoint someone to give you immigration assistance they must be:\nYou can appoint anyone to receive documents on your behalf relating to your visa matter.\nYou will need to provide documents to support the claims you make in your EOI and show you meet the other visa criteria.\nProvide accurate information. See what may happen if you can't prove your identity or do not provide true information.\nProvide the pages of your current passport showing your photo, personal details, and passport issue and expiry dates.\nAlso provide:\nDocuments that prove a change of name include:\nIf you are or have been married, widowed, divorced or permanently separated, provide proof such as divorce documents, death certificates, separation documents or statutory declarations.\nIf your partner or dependent children are not included in this application, tell us the reason why (for example, they already hold Australian citizenship or are a permanent resident)\nProvide an Australian police certificate if you have spent a total of 12 months or more in Australia in the last 10 years since you turned 16.\nWe only accept complete disclosure National Police Certificates issued by the Australian Federal Police. We do not accept standard disclosure certificates or national police certificates issued by Australian state or territory police.\nFor immigration purposes, Australian police certificates are valid for 12 months from the date of issue.\nAlso provide:\nComplete and provide the following forms:\nProvide proof you have at least competent English at time of invitation for this visa.\nWe need to see evidence of your partner's identity and relationship with you.\nProvide:\nFor de facto relationship provide either:\nFor both married and de facto applicants you must provide evidence that you are in a genuine and continuing relationship. Evidence can include but is not limited to:\nYou don't have to provide any documents to prove functional English if your partner is a citizen of and holds a valid passport from:\nOtherwise, provide proof your partner has functional English.\nIf you can't show us your partner has functional English, you will need to pay the second instalment of the visa application charge when we ask you to.\nFor every dependant 18 years old or younger who is applying with you, provide:\nYou must get consent for any applicant under 18 years of age to migrate to Australia from anyone who:\nThey must complete either:\nAlternatively, you can show us:\nInclude:\nYou don't have to prove that your dependant under 18 years of age has functional English.\nNote: If your child is likely to turn 18 while your application is being processed, you will need to provide evidence they are dependent on you. See the section 'Dependants over 18 documents' below for further information. A child who turns 18 while your application is being processed and who is not dependent on you cannot satisfy the criteria for this visa.\nTo include your child who is over 18 in your visa application, they must be:\nIf your child is likely to turn 23 while your application is being processed, you will need to provide evidence they are dependent on you due to disability.\nProvide:\nYou must also provide proof the child is dependent on you.\nNote: A child who turns 23 while your application is being processed and who does not meet these requirements cannot satisfy the criteria for this visa.\nYou don't have to provide any documents to prove functional English if your dependant is a citizen of and holds a valid passport from:\nOtherwise, provide proof your dependant has functional English.\nIf you can't show us your dependant has functional English, you will need to pay the second instalment of the visa application charge when we ask you to.\nYou must provide documents that support the claims you made in your EOI. To check the documents you need use the points table. Depending on your claims this could include evidence of your:\nDelegates of the Minister will now accept a suitable skills assessment for an applicant’s nominated skilled occupation which has been obtained within the 60 day invitation period.\nThis change of approach is made as a result of the decision of Thapa v Minister for Immigration, Citizenship, Migrant Services and Multicultural Affairs [2021] FCCA 686 (Thapa). The Minister will administer the Migration Regulations 1994 in accordance with the decision in Thapa, but the Minister reserves the right to make submissions in a Court that Thapa was wrongly decided.\nOne of these certificates issued by the Australian Health Practitioner Regulation Agency:\nYou must be registered at the time we invite you to apply.\nProof of admission to practice as a lawyer in the relevant state or territory. You must be admitted to practice at the time we invite you to apply.\nYou must provide documents to prove all of the claims you made in your EOI. Use the points table to check the documents you need.\nTo nominate someone to:\nUpload your written notification or your forms to ImmiAccount.\nHave all non-English documents translated into English.\nProvide original and translated documents in your application.\nTranslators in Australia must be accredited by the National Accreditation Authority for Translators and Interpreters.\nTranslators outside Australia do not have to be accredited. But on each translation, they must include their:\nThese details must be in English.\nNote: You do not need to have any documents certified.\nScan or photograph all documents (English and non-English) in colour.\nThe scans and photos must be clear.\nIf a document is more than one page, save it all as one file.\nWhen you have your invitation you can apply online. You can be in or outside Australia.\nYou have 60 days from the date of your invitation to apply for the visa.\nProvide accurate information. See what may happen when you cannot prove your identity or do not provide true information.\nWe will let you know when we have received your application.\nIf you are granted a bridging visa you will receive notification of your visa grant.\nWe do not give updates on applications within the standard processing time.\nYou can check if we need more information from you in ImmiAccount.\nIf you are in Australia, you do not have to tell us if you want to travel outside Australia while we process your application. This is because you can be outside Australia when we make a decision.\nBut if you leave Australia, make sure your visa allows you to return. To see if you can return on your current visa, check VEVO.\nLearn about visa expiry.\nIf you applied outside Australia, don't arrange travel to Australia, leave your job or sell your home until we advise you in writing that you have been granted the visa\nIf you didn't have health examinations before you applied, we will let you know if you need them. Check ImmiAccount.\nWe might ask for biometrics. We will let you know if you need to provide them.\nIf you did not attach all documents when you applied, attach them as soon as you can in ImmiAccount.\nWe might also ask you to provide more information; however; we are not obliged to do so and may make a decision on your application without requesting more documents.\nMake sure you stay lawful in Australia by holding a valid visa while we process your application.\nWhen you applied for this visa, you were granted a Bridging visa A (BVA). If your current visa expires before we decide on your application, the BVA will come into effect. You can stay in Australia on the BVA while we process your new visa application.\nDo not ask to have the visa you currently hold cancelled. If your visa is cancelled:\nLearn more about visa expiry.\nIf you need to pay a second instalment, pay it when we send you the invoice.\nYou can add members of the family unit to your application after you apply but before we decide on your visa.\nUse Form 1436 Adding an additional applicant after lodgement (481KB PDF), pay using ImmiAccount, attach the form and supporting documents to your ImmiAccount.\nFamily members who apply for the visa must meet our health and character requirements.\nFamily members who are not coming to Australia do have to meet our character requirement and might have to meet our health requirement.\nIf your child is born after you submit your application but before we decide on your visa, you must tell us as soon as possible.\nFind out what to do your child is born after you apply.\nYou must tell us as soon as possible if you made a mistake on your application.\nComplete Form 1023 Notification of incorrect answers (168KB PDF) and attach it to your application in ImmiAccount.\nLet us know if you no longer want someone to:\nUpload your written notification or your forms to ImmiAccount.\nFor more information see Who can help you with your application.\nThings you need to let us know about after you have applied include:\nSee how to tell us if your situation changes.\nYou can be in or outside Australia when we decide your visa application but not in immigration clearance. We will let you know our decision in writing.\nIf we grant your visa, we will tell you:\nKeep a copy of the decision.\nIf we refuse your visa, we will tell you:\nWe will not refund the application charge if we refuse your application.\nIf you are outside Australia when the visa is granted, you must enter Australia before a date that we specify on your visa grant letter.\nYou must have:\nAll people arriving in Australia must complete the Incoming Passenger Card. You will be given this card onboard.\nWe have an automated process that uses facial recognition technology and your ePassport. You might be able to leave the airport faster if you use SmartGate.\nYou and your family members must obey Australian laws.\nThis is a permanent visa. It lets you stay in Australia indefinitely.\nYou can travel to and from Australia for 5 years from the date we grant the visa. After 5 years you will need a Resident Return (RRV) visa (subclasses 155 or 157) to re-enter Australia as a permanent resident. To see when the 5 years ends, use VEVO.\nIf an immigration officer processes your clearance at our border, we recommend you tell them:\nIf you don't tell them, you might be granted the subclass 444 visa. Grant of a subclass 444 visa might affect your eligibility for Australian citizenship.\nIf you wish to provide evidence you have a visa and conditions to someone, use VEVO.\nYou are protected by Australian workplace law. See your workplace rights and entitlements.\nAs an Australian permanent resident, you might be able to sponsor eligible family to come to Australia.\nTo find a visa for your family member, explore visa options.\nAfter a certain time, you might be eligible for Australian citizenship. Find out more about becoming a citizen.\nFor citizenship purposes, your permanent residence starts on the day:\nYou must have a valid passport or other travel document to leave Australia and return.\nCheck the travel component of your visa in VEVO.\nSee what to do if your visa has expired or is about to expire.\nWe have an automated process that uses facial recognition technology and your ePassport. You could leave the airport faster if you use SmartGate.\nTo prove you have been to Australia, request your international movement records by completing the Request for international movement records form."
}