{
    "visaID": "visa4.9.1",
    "visaType": "visa4.9",
    "visaName": "Direct entry stream",
    "link_crawl": "https://immi.homeaffairs.gov.au/visas/getting-a-visa/visa-listing/regional-sponsor-migration-scheme-187/direct-entry-stream",
    "content": "\n1. Regional Sponsored Migration Scheme visa (subclass 187)\n2. Direct entry stream\n3. For Applicants\n4. For Sponsors\nPermanently\nN/A\nFor an indication of processing times for this visa, use the visa processing time guide tool. This will show the processing times for recently decided applications. It is a guide only and not specific to your application.\nSee all conditions\n5. With this visa, you can\nNewly arrived residents may have to wait before they can access certain Australian Government payments and benefits.\n6. How long you can stay\nThis is a permanent visa – it lets you stay in Australia indefinitely.\nYou become a permanent resident on the day the visa is granted.\nYour permanent residency for citizenship purposes starts:\n7. Include family\nYou can:\nFor this visa, your family members are:\nYou can also include someone who holds a subclass 457 visa or subclass 482 visa if we granted them that visa on the basis they are a member of your family.\nFamily members who apply for the visa with you must meet our health and character requirements.\nFamily members who do not apply for the visa with you might also have to meet the requirements.\nYou might have to pay an extra charge for family members 18 years old or older who have less than Functional English. This charge is called the second instalment.\n8. Apply from\nYou can be in or outside Australia when you apply for the visa. If you are in Australia you must hold a substantive visa or a Bridging visa A, B or C.\nYou can be in or outside Australia when we decide on your application.\n9. Processing times\nFor an indication of processing times for this visa, use the visa processing time guide tool. This will show the processing times for recently decided applications. It is a guide only and not specific to your application.\nYour application can take longer to process if:\nWe can't process your application if you do not pay the correct visa application charge. We will notify you if this is the case and if necessary return your application.\n10. Your obligations\nYou and your family members must obey all Australian laws.\nWe expect that you will work for your nominating employer in regional Australia for at least 2 years. If you don't, we might cancel your visa.\nYou must begin your employment within 6 months of:\n11. Travel\nFrom the date we grant this visa, you can travel to and from Australia for up to 5 years.\nAfter that period, you will need a Resident Return (RRV) visa to re-enter Australia as a permanent resident.\nIf you leave Australia after the expiry date of your travel facility, without being granted another permanent visa with a valid travel facility, for example a Resident Return (RRV), you might not be able to return to Australia as a permanent resident.\nTo see when your travel condition ends, use VEVO.\n12. Visa label\nAustralian visas are digital. You will not get a label in your passport.\nYou must be nominated by an employer for this visa. We can only approve your nomination if your occupation is on the relevant list of skilled occupations.\nUnless exempt, most applicants need to have at least 3 years relevant work experience in their occupation.\nYou are exempt from the 3 year work experience requirement if you currently hold a Special Category visa (subclass 444) or New Zealand Citizen Family Relationship visa (subclass 461).\nYou must have a positive skills assessment if your occupation is listed on IMMI 12/096 Specification of Occupations and Assessing Authorities. The assessment will show us you have the skills to work in the nominated occupation.\nLearn more about skills assessments.\nYou don't need a skills assessment if you:\nYou also don't need a skills assessment if:\nIn this case, you must:\nYou must be licensed, registered or a member of a professional body if it is mandatory in the state or territory you intend to work in.\nYou must be nominated by an Australian employer whose business is actively and lawfully operating in Australia.\nYou must apply for the visa within 6 months of the nomination being approved.\nFind out if your employer is eligible to nominate you.\nWe can't grant you a visa if:\nWe can’t link a new nomination to your existing visa application. If this happens one possible option is to withdraw your first visa application and submit a new visa application in relation to the new nomination.\nYou might be eligible for a refund of the visa application charge depending on the circumstances.\nUsually, you must be under 45 years of age when you apply.\nYou are exempt from this criteria if any of the following applies to you:\nYou and any family members who apply for the visa with you must meet our health requirement.\nOther family members will also need to meet the requirement.\nYou and family members aged 16 years and over who apply for the visa with you must meet our character requirement.\nOther family members will also need to meet the requirement.\nIf you are 18 years of age or older, you must:\nYou must have at least Competent English to be granted this visa.\nIf you owe the Australian Government money, you must have paid it back or have a formal arrangement to pay it back.\nYou might not be eligible for this visa if you have had a visa cancelled or refused while you were in Australia. Check if visa cancellation affects your eligibility.\nGet a skills assessment if you need to. The assessment will prove you have the right skills and qualifications to do your job.\nMake sure your English test results are current for this visa. Have English exams if necessary\nYou need to have health examinations. You can complete them before you apply or you can wait until after you apply.\nFind out the examinations you need and how to arrange them if you want to have them before you apply.\nYou don’t have to use a migration agent to apply for any visa. But if you want to, see how to find a registered migration agent.\nAnyone can help you fill out forms or give you general help with your application. But you must let us know if you want someone to:\nMake sure your employer has submitted a nomination application. They will receive a nomination Transaction Reference Number (TRN) when they do.\nAsk your employer for the TRN. You need it to apply for the visa.\nCriminal and civil penalties can be applied to anyone who asks for, receives, offers or provides a benefit in exchange for visa sponsorship. Learn more about work visa scams.\nNew step description\nProvide accurate information. See what happens if you can't prove your identity or don't provide true information.\nProvide the pages of your current passport showing your photo, personal details, and passport issue and expiry dates.\nAlso provide:\nDocuments that prove a change of name include:\nProvide evidence of any licence, registration or professional membership mandatory to perform the nominated occupation in the state or territory you intend to work in, if applicable.\nIf you are a doctor, provide one of these certificates issued by the Australian Health Practitioner Regulation Agency as proof of full registration:\nIf you are a barrister or solicitor, provide proof of admission to practise as a lawyer in the relevant state or territory.\nProvide either:\nProvide all of the following:\nIf you are a doctor, provide one of these certificates issued by the Australian Health Practitioner Regulation Agency as proof of full registration:\nIf you are a barrister or solicitor, provide proof of admission to practise as a lawyer in the relevant state or territory.\nIf you are exempt from having a skills assessment, provide proof of this.\nYou are exempt from the need to have a skills assessment if you:\nYou also don't need a skills assessment if:\nIn this case, you must:\nIf you are 45 years old or older, provide documents to show you are exempt from the age eligibility criteria.\nYou are exempt from this criteria if any of the following apply to you:\nSee more about age, skill and English language exemptions in the relavant legislative instrument, IMMI 18/045.\nProvide documents that show you have Competent English.\nYou do not need to provide health documents. If you have had medical exams, the results are sent to us by your doctor.\nProvide an Australian police certificate if you have spent a total of 12 months or more in Australia in the last 10 years since you turned 16. We only accept complete disclosure National Police Certificates issued by the Australian Federal Police . We do not accept standard disclosure certificates or national police certificates issued by Australian state or territory police. For immigration purposes, Australian police certificates are valid for 12 months from the date of issue.\nAlso provide:\nTo nominate someone to:\nSee more about getting help with your application.\nProvide:\nProvide either:\nDocuments that prove a de facto relationship include:\nYou must show that your partner has Functional English\nIf you can't show that your dependant has Functional English, you will need to pay the second instalment when we ask you to.\nFor every dependant under 18 years who is applying with you provide:\nYou must get consent for a dependent child to migrate to Australia from anyone who:\nThey must complete either:\nInclude a document with the contact details, signature and photo of the people who complete the form or declaration, such as a:\nAlternatively you must provide evidence that you have the legal right to determine where the dependent child lives, such as a court order.\nFor every dependant 18 years old or older who is applying with you provide:\nYou need to prove that this person is a family member and/or dependent on you. Provide:\nYou must also prove this person has been financially dependent on you for at least 12 months before you apply. You could provide:\nFor other family members, if applicable, provide evidence the person:\nYou must show that your family member has Functional English.\nIf you can't show that your family member has Functional English, you will need to pay the second instalment when we ask you to.\nHave all non-English documents translated into English.\nProvide original and translated documents in your application.\nTranslators in Australia must be accredited by the National Accreditation Authority for Translators and Interpreters.\nTranslators outside Australia do not have to be accredited. But on each translation, they must include their:\nThese details must be in English.\nScan or photograph all documents (English and non-English) in colour.\nThe scans and photos must be clear.\nIf a document is more than one page, save it all as one file.\nThis visa is closed to new applications\nSee what you can and must do after you apply.\nWe will let you know when we have received your application.\nWe can’t give updates on applications within the time.\nWait for us to contact you.\nIf you are in Australia, you don't have to tell us if you want to travel outside Australia while we process your application. This is because you can be outside Australia when we decide on your application.\nBut if you leave Australia, make sure you have a valid visa to return.\nLearn about visa expiry.\nLearn about Bridging visas.\nIf you didn't have health examinations before you applied, we will let you know if you need them. Check ImmiAccount.\nWe might ask for biometrics (fingerprints and photo). We will let you know if you need to provide them.\nWe might ask you to provide more information. Attach any additional documents we ask you for as soon as possible in ImmiAccount..\nMake sure you stay lawful by holding a valid visa while we process your application.\nWhen you apply for this visa in Australia, you are likely to be granted a bridging visa. If your current visa expires before we decide your application, the bridging visa will start. You can stay in Australia on the bridging visa while we process your new visa application.\nLearn more about visa expiry.\nIf you need to pay a second instalment, we will send you an invoice after you have met all other requirements for the visa. Pay the instalment after you get the invoice. Do not ask for the invoice.\nYou can add family members to your application after you apply but before we decide on your visa.\nFor the purpose of adding family members to this visa, your family members are:\nFind out what to do if your child is born after you apply.\nLet us know as soon as you can if you made a mistake on your application.\nComplete Form 1023 Notification of incorrect answers (168KB PDF).\nLet us know if you no longer want someone to:\nSee more about withdrawing your nomination.\nTell us if things change after you submit your application but before we decide on your application.\nThings you need to let us know about include:\nSee what to do if your situation changes.\nYou can be in or outside Australia when we decide on your visa application.\nWe will let you know our decision in writing\nIf we grant your visa, we will tell you:\nKeep a copy of the decision.\nIf we refuse your visa, we will tell you:\nWe will not refund the visa application charge if we refuse your application.\nYou must have:\nAll people arriving Australia must complete an Incoming Passenger Card. You will be given this card during your flight.\nLeaving the airport faster\nWe have an automated process that uses facial recognition technology and your ePassport. You might be able to leave the airport faster if you use SmartGate.\nIf an immigration officer processes your clearance at our border, we recommend you tell them:\nIf you do not tell them, you might be granted the Special Category visa (subclass 444). Grant of a subclass 444 visa will override your permanent visa and might affect your eligibility for Australian citizenship.\nNewly arrived residents may have to wait before they can access certain Australian Government payments and benefits.\nYou and your family members must obey all Australian laws.\nWe expect that you will work for your nominating employer in regional Australia for at least 2 years. If you don't, we might cancel your visa.\nYou must begin your employment within 6 months of:\nPermanently\nFrom the date we grant this visa, you can travel to and from Australia for up to 5 years.\nAfter that period, you will need a Resident Return (RRV) visa to re-enter Australia as a permanent resident.\nIf you leave Australia after the expiry date of your travel facility, without being granted another permanent visa with a valid travel facility, for example a Resident Return (RRV), you might not be able to return to Australia as a permanent resident.\nTo see when your travel condition ends, use VEVO.\nTo prove you have a visa and show your conditions to someone, use VEVO.\nRequest your international movement records to get proof of your travel in and out of Australia.\nWhen you work in Australia, you are protected by Australian workplace law. See your workplace rights and entitlements.\nAs an Australian permanent resident, you might be able to sponsor eligible relatives to come to Australia.\nTo find a visa for your relatives, explore visa options.\nAfter a certain time, you might be eligible for Australian citizenship. Find out more about becoming a citizen.\nFor citizenship purposes, your permanent residency starts on the day:\nCheck your travel documents\nYou must have a valid passport or other travel document to leave Australia.\nEnsure your visa is still valid\nCheck your conditions and the expiry of your visa in VEVO.\nSee what you can and must do if your visa has expired or is about to expire.\nLeaving the airport faster\nWe have an automated process that uses facial recognition technology and your ePassport. You might be able to leave the airport faster if you use SmartGate.\nProving you have been to Australia\nRequest your international movement records to get proof of your travel in and out of Australia."
}