{
    "visaID": "visa3.1",
    "visaType": "visa3",
    "visaName": "Adoption visa (subclass 102)",
    "link_crawl": "https://immi.homeaffairs.gov.au/visas/getting-a-visa/visa-listing/adoption-102",
    "content": "\n1. Subclass 102\n2. Adoption visa\n3. For Applicants\n4. For Sponsors\nPermanently\nFrom AUD3,140.00\nFor an indication of processing times for this visa, use the visa processing time guide tool. This will show the processing times for recently decided applications. It is a guide only and not specific to your application.\nSee all conditions\nThe child may be eligible for COVID-19 visa concessions.\nIf you are getting help with your visa, before you pay someone, read information on who can help with your visa application.\n5. Intercountry adoption\nWe can't help arrange adoptions and we do not issue letters of no objection. Our role is to assess and decide applications for visas.\nLearn more about adopting a child overseas from Intercountry Adoptions Australia.​​\nWe are unable to accept adoption visa applications for children who have been adopted in Pakistan.\n6. With this visa the child can\nThe child can travel to and from Australia as many times as they want for 5 years from the date we grant this visa. This is as long as the travel facility on this visa remains valid.\nIf the child wants to travel after the initial 5-year travel facility:\nTo see when the child's travel facility ends, use VEVO.\n7. How long the child can stay\nThis is a permanent visa. It lets the child stay in Australia indefinitely.\nThe child becomes a permanent resident on the day we grant the visa.\n8. Include other children\nIf the child has siblings who also want to apply for an Adoption visa, submit separate applications for each sibling.\nThe child's dependent children can be included on their application when they apply or added to their application at any time before we decide the application.\nDependent children of the child who apply for the visa must meet our health requirement.\nFamily members who are not coming to Australia might also have to meet our health requirement.\n9. Cost\nThe visa costs AUD3,140.00 for the main applicant.\nThere is also an additional charge for each of the child's dependent children who apply for the visa.\nThere might be other costs for health exams, police certificates and biometrics.\nTo work out what the visa might cost use the Visa Pricing Estimator. The estimator does not take into account the other costs.\n10. Apply from\nThe child must be outside Australia when the application is submitted.\n11. Processing times\nFor an indication of processing times for this visa, use the visa processing time guide tool. This will show the processing times for recently decided applications. It is a guide only and not specific to your application.\nThe application might take longer to process if:\nWe can't process the application if the correct visa application charge is not paid. We will advise if this is the case and if necessary return the application.\n12. Your obligations\nThe child must enter Australia before the date specified in their grant letter. The first entry date is generally set at 12 months from the date of visa grant.\nThe child and their family members must meet all visa conditions and obey Australian laws.\nSee what conditions might be attached to this visa on our visa conditions page.\n13. Visa label\nWe will digitally link the visa to the child's passport. They will not get a label in their passport.\nTo be eligible to apply for an Adoption visa (subclass 102), the child must:\nFor further information on adopting a child see Intercountry Adoptions Australia.​​\nA child may be eligible for Australian Citizenship if the intercountry adoption is:\nIf we grant the child Australian citizenship they can enter Australia on an Australian passport and will not need to apply for a visa.\nFor further information see Become an Australian citizen (by adoption).\nThe Australian Government, including the Department of Home Affairs, has no role in the overseas expatriate adoption process.\nThe Australian Government, including our Department, does not provide documents that support or endorse expatriate adoptions overseas. This includes letters of support or certificates of no objection.\nIf an overseas authority asks you to obtain a document of support for an expatriate adoption, you can advise them to email info@intercountryadoption.gov.au\nWe only assess and decide adoption visa applications. A visa will only be granted if all eligibility requirements are met.\nIf the child is adopted through an expatriate adoption, and you (the adoptive parent) are considering bringing them to Australia, then, amongst other criteria, all of the following must be met:\nIf a child has been legally adopted in an overseas country (not Australia) under that country's law, it does not guarantee that the overseas adoption will meet the requirements of an Adoption (Subclass 102) visa.\nWe recommend you obtain independent legal advice both in Australia and in the child’s country of usual residence before proceeding with an expatriate adoption.\nThe child must be sponsored by an eligible adoptive parent or prospective adoptive parent.\nWe must approve the sponsorship. We might not approve sponsorship if the sponsor or their partner has been charged or convicted of offences involving children. Learn more about measures for the protection of children.\nThe child must be under 18 at the time of adoption, when the application is submitted and when we make our decision.\nThe child and any dependent child who applies for the visa with them must meet our health requirement.\nIf we can consider a health waiver for an adoption visa applicant, we will examine your circumstances carefully. Learn more about health waivers.\nFamily members who are not coming to Australia might also have to meet our health requirement.\nIf the child is aged 16 years or older they must meet our character requirement.\nWe might also ask that any other dependent child who applies for the visa meet the requirement.\nIf the child or any member of the child's family owes the Australian Government money it must be paid back or there must be a formal arrangement to pay it back.\nWe might not grant this visa if it is not in the best interests of an applicant under 18.\nCheck the child's passport is valid.\nOnly some people can help you with your application. If you appoint someone to give you immigration assistance they must be:\nYou can appoint anyone to receive documents on your behalf relating to your visa matter.\nProvide documents in support of the visa application.\nProvide accurate information. See what happens if the child's identity can't be established or false information is provided.\nProvide the pages of the child's current passport showing their photo, personal details, and passport issue and expiry dates.\nAlso provide:\nDocuments that prove a change of name include:\nProvide a certified copy of the passport or travel document the child used to enter Australia and any passports the child has held since then.\nProvide 4 recent photos (45mm x 35mm) of the child and of any dependent child included in the application.\nPhotographs must be:\nThe child can wear untinted prescription glasses. If the child wears a head covering for religious reasons, they can show only their face.\nProvide the child's adoption papers or adoption compliance certificate.\nWhere an Australian state or territory central authority has found you suitable to be an adoptive parent, and you have made a written undertaking to adopt a child, provide evidence from the central authority of the child's country that the child:\nIf an Australian state or territory central adoption authority was involved in the adoption, include a letter supporting the adoption.\nIf the child was adopted through an expatriate adoption process, provide evidence that:\nProvide these documents for any other dependent child included in the application.\nChildren over 16 years must provide a police certificate from every country they have spent 12 months or more in the last 10 years, since turning 16.\nFor Australia, we only accept National Police Certificates applied for under Code 33 – Immigration/Citizenship. The Australian Federal Police issue these certificates. We don't accept standard disclosure certificates or certificates issued by Australian state or territory police.\nFor immigration purposes, police certificates are valid for 12 months from the issue date.\nIf anyone in the application served in the armed forces of any country, they must provide military service records or discharge papers.\nChildren over 16 years of age must complete and provide Form 80 Personal particulars for assessment including character assessment (596KB PDF).\nTo nominate someone to:\nSend written notification or your forms with your paper application.\nFor every dependant under 18 years old who is applying with the child, provide:\nHave all non-English documents translated into English.\nProvide original and translated documents in your application.\nTranslators in Australia must be accredited by the National Accreditation Authority for Translators and Interpreters.\nTranslators outside Australia do not have to be accredited. But on each translation, they must include their:\nThese details must be in English.\nHave all documents certified. This includes:\nPhotographs of the child and any of their dependent children included in the application must also be certified.\nKeep a copy of the completed application.\nSend us:\nYou must apply for this visa on paper.\nProvide accurate information. See what happens if you can't prove your identity or don't provide true information.\nComplete the following 2 forms and send them together by post (with correct prepaid postage) or by courier to the Child and Other Family Processing Centre in Perth.\nYou must pay the application charge before you post your application. See how to pay.\nWe will not process your application until you pay the application charge. Your application should also include evidence of payment of the application charge and all the relevant supporting documentation.\nIf you submit your application at any other office or in any other way, it will not be a valid application and cannot be considered further.  Applications for this visa cannot be submitted in person.\nThe forms must be completed in English.\nBy post (with correct prepaid postage):\nDepartment of Home Affairs\nChild and Other Family Processing Centre\nLocked Bag 7\nNORTHBRIDGE WA 6865\nBy courier:\nDepartment of Home Affairs\nChild and Other Family Processing Centre\nWellington Central\n836 Wellington Street\nWEST PERTH WA 6005\nIf any of the above steps are incomplete, your application may be invalid. We do not process invalid applications. We will notify you if this is the case, and if requested, return your application.\nDo not send original documents with your application, only send certified copies. Keep a copy of your completed application for your own records, including any supporting documents.\nWe will let the applicant know when we have received the application and documents. There may be other things to do and be aware of after applying.\nWe can't provide updates on the progress of the application within global visa processing times. We will tell you if we need anything further.\nDo not arrange for the child to travel to Australia until we tell you, in writing, that we have granted the child the visa.\nWe will tell you when to arrange the child’s health examinations.\nWe might ask for biometrics. We will tell you if your adopted child needs to provide them.\nIf you lodged the application on or after 1 April 2020:\nIf you lodged the application before April 2020:\nWe might also ask you to provide more information.\nYou can add a child's dependent child to their visa application any time before we make a decision.\nFind out what to do if your child is born after you apply.\nTell us as soon as you can if you have made a mistake on your application.\nComplete Form 1023 Notification of incorrect answers (168KB PDF).\nLet us know if you no longer want someone to:\nSend written notification or your forms to the office your submitted your application.\nFor more information see Who can help you with your application.\nThings you need to let us know about after you have applied include:\nSee how to tell us if your situation changes.\nWe can grant a visa to any child who is outside Australia and meets the visa grant requirements.\nThis may not apply if you are eligible for a COVID-19 visa concession.\nWe will tell you our decision in writing. Keep a copy of the decision.\nIf we grant the child’s visa, we will tell you:\nIf we refuse the visa, we will tell you:\nWe will not refund the application fee if we refuse the application.\nThe child must have:\nThe child must enter Australia before the date specified in their grant letter.\nIf the child’s visa is still valid and the date specified in their visa grant letter has passed or will pass before they can travel to Australia, they must ensure that:\nWe may then send the child a travel facilitation letter. This will state that we allow them to enter Australia after the first entry arrival date on their visa.\nWe will not issue a travel facilitation letter unless there is less than 3 months remaining on the child’s first entry arrival date.\nAll people arriving into Australia must complete the Incoming Passenger Card.\nWe have an automated process that uses facial recognition technology and your ePassport. Children aged 16 or over might be able to leave the airport using the SmartGate.\nThe child and their family members must meet all visa conditions and obey Australian laws.\nYou can check visa details and conditions in VEVO.\nThings you need to let us know about include:\nSee how to let us know if there is a change in your situation.\nSee the visa's conditions and work and study entitlements in VEVO.\nThis is a permanent visa. It lets your child and any of their dependent children who are granted the visa stay in Australia indefinitely.\nFor citizenship purposes, the child's permanent residence starts on the day they enter Australia.\nThe child can travel to and from Australia as many times as they want for 5 years from the date we grant this visa. This is as long as the travel facility of this visa remains valid.\nIf the child wants to travel after the initial 5-year travel facility:\nTo see when the child's travel facility ends, use VEVO.\nThe child can work and study in Australia once they arrive on their visa. See their workplace rights and entitlements.\nDependents can't be added to this visa after we have made a decision.\nTo find a visa for the family member, explore visa options.\nAfter a certain time, your child might be eligible for Australian citizenship. Find out more about becoming a citizen.\nFor citizenship purposes, the permanent residency starts on the day the child entered Australia on this visa.\nThe child must have a valid passport or other travel document to leave Australia.\nCheck if the child needs a Resident Return visa to return to Australia as a permanent resident in VEVO.\nWe have an automated process that uses facial recognition technology and your ePassport. You might be able to leave the airport faster if you use SmartGate.\nRequest the child's international movement records to get proof of their travel in and out of Australia."
}