{
    "visaID": "visa1.4.2",
    "visaType": "visa1.4",
    "visaName": "Tourist stream (apply in Australia)",
    "link_crawl": "https://immi.homeaffairs.gov.au/visas/getting-a-visa/visa-listing/visitor-600/tourist-stream-onshore",
    "content": "\n1. Visitor visa (subclass 600)\n2. Tourist stream (apply in Australia)\nUp to 12 months\nFrom AUD490.00\nFor an indication of processing times for this visa, use the visa processing time guide tool. This will show the processing times for recently decided applications. It is a guide only and not specific to your application.\nSee all conditions\nIf you are getting help with your visa, before you pay someone, read information on Who can help with your visa application.\nApply\n3. With this visa you can\nYou can study or train for up to 3 months on this visa. But if your main reason for travelling to Australia is study, a student visa might be more appropriate.\nYou can't work.\nYou will need a visa if you enter Australia during a cruise.\nIf your cruise is a round trip cruise, the time you spend on the cruise counts as time spent in Australia. We do not consider you to have left Australia. A round trip cruise will not reset your stay period on your visa.\nAsk your cruise operator or travel agent if we consider your cruise to be a round trip cruise.\n4. How long you can stay\nThis is a temporary visa.\nYou can stay for the period or dates specified on the visa grant letter. We determine the length of your visa on a case by case basis. Things we might consider when determining your stay period include:\nWe might not grant you the length of stay you want.\nWe can grant this visa with multiple entry or no travel.\nIf we grant you a visa with multiple entry, you can leave and return to Australia on the visa while it is valid.\nYou may need to show there are exceptional circumstances if you want to stay in Australia:\nIf you want to stay longer or permanently in Australia you will need to apply for a visa that allows this.\n5. Stay longer\nYou can't stay in Australia longer by extending this visa. You must apply for another visa.\nExplore your visa options.\n6. Include family\nYou can't include family members in your application. Each family member, including those listed on your passport, must submit a separate application.\nFind out what to do if you give birth to a child after you apply.\n7. Cost\nThe visa costs from AUD490.00 for each applicant.\nYou might also have to pay:\nTo work out what your visa will cost use the Visa pricing estimator. The estimator does not take into account the other costs.\n8. Apply in Australia\nEligible applicants can apply for this visa in Australia. If you apply in Australia, you must be in Australia when we make a decision on your application.\nYou can apply for a new visa if your visa does not have a condition that prevents further stay, such as condition 8503. You might be able to request a waiver of the no further stay condition in some circumstances.\n9. Processing times\nFor an indication of processing times for this visa, use the visa processing time guide tool. This will show the processing times for recently decided applications. It is a guide only and not specific to your application.\n10. Your obligations\nYou must comply with all visa conditions and Australian laws.\nLearn more about visa conditions.\n11. Health insurance\nYou are liable for all your healthcare costs while you are in Australia. Insurance can help limit your financial liability.\nTo cover any unforeseen medical treatment you might need in Australia you should take out adequate health insurance.\nLearn more about health insurance for overseas visitors.\nSome countries have a reciprocal healthcare agreement with Australia.\nIn some circumstances, we might grant your visa with Condition 8501 – Maintain adequate health insurance.\n12. Travel\nCheck if you have multiple entry, or single entry, in VEVO or your visa grant letter.\nIf you have multiple entry, you can travel outside Australia and return while your visa is valid.\nIf you have no travel and you leave Australia, you have to apply for another visa to return.\n13. Visa label\nWe will digitally link your visa to your passport. You will not get a label in your passport.​​\nYou must meet our health requirement.\nYou must meet our character requirement.\nYou must have, or have access to, enough money to support yourself while you are in Australia.\nYou must intend to:\nWe might not grant this visa if it is not in the best interests of an applicant under 18.\nYou can only apply online if you are in Australia and:\nWe will assess if:\nWe will not grant you this visa if your current visa is, or last visa was, a Temporary Work (International Relations) visa (subclass 403) in the Domestic worker (Diplomatic or Consular) stream.\nUnless there are exceptional circumstances that allow grant of the visa, we will not grant you this visa if:\nYou need a valid passport or other travel document for this visa. If you plan to get a new passport, do this before you apply.\nYou can complete your health examinations before you apply or you can wait until we tell you to have them.\nFind out the examinations you need and how to arrange them.\nOnly some people can help you with your application. If you appoint someone to give you immigration assistance they must be:\nYou can appoint anyone to receive documents on your behalf relating to your visa matter.\nInclude as much information as possible to support your application. This includes English translations of your documents.\nWe may decide your application without requesting further information from you.\nFollow these instructions to ensure you submit a complete visa application.\nProvide accurate information.\nSee what happens if you can't prove your identity or don't provide true information.\nProvide the pages of your current passport showing your photo, personal details and passport issue and expiry dates.\nAlso provide:\nProvide as much proof as you can to show you are visiting Australia as a temporary visitor only. This could include:\nYour reasons to return home such as:\nProvide any military service record or discharge papers, if applicable.\nWe may ask you to provide a police certificate.\nTo nominate someone to:\nUpload your written notification or your forms to ImmiAccount.\nIf you are under the age of 18, you should provide a copy of your birth certificate showing the names of both parents. If you can’t provide a birth certificate, provide one of the following:\nIf somebody other than your biological parents has legal guardianship over you (for example, adoptive parents or a court-appointed guardian), you must provide proof of their legal guardianship.\nProvide adoption papers or parental court orders, if applicable.\nAnyone with a legal right to decide where you live, and who is not travelling in Australia with you, must complete either:\nInclude a document with the signature and photo of the person who completed the form, or declaration, such as a:\nIn addition to consent information, if you’re not staying with a relative or legal guardian, provide Form 1257 - Undertaking declaration (211KB PDF). The person you’re staying with must sign the form.\nHave all non-English documents translated into English.\nProvide original and translated documents in your application.\nTranslators in Australia must be accredited by the National Accreditation Authority for Translators and Interpreters.\nTranslators outside Australia do not have to be accredited. But on each translation, they must include their:\nThese details must be in English.\nNote: You do not need to have any documents certified unless we ask you to.\nScan or photograph all documents (English and non-English) in colour.\nThe scans and photos must be clear and legible.\nIf a document is more than one page, save it all as one file.\nAttach a document only once, even if you are using it to show more than one thing.\nLearn more about attaching documents.\nProvide accurate information.\nSee what happens if you can't prove your identity or don't provide true information.\nSee Eligibility.\nWe will let you know when we have received your application and documents.\nThere are other things you need to know and might need to do.\nTell us if you want to travel outside Australia while we process your application.\nIf you:\nYou might be eligible for a Bridging visa B, which will allow you to return to Australia if you leave.\nWe will let you know if you need to provide biometrics.\nIf you didn't have health exams before you applied for the visa, have them if we tell you to.\nIf you did not send us all documents when you applied, attach them to your application in ImmiAccount as soon as you can.\nWe may decide your application without requesting further information from you.\nYou must stay lawful by holding a valid visa while we process your application.\nApply for this visa in Australia before your current visa expires.  We will  grant you a Bridging visa A (BVA).  You can stay in Australia on the BVA while we process your new visa application.\nDon't let your current visa expire before you apply. If you do:\nLearn more about visa expiry.\nLet us know as soon as you can if you made a mistake on your application.\nFind out what to do if you made a mistake on your application.\nLet us know if you no longer want someone to:\nUpload your written notification or your forms to ImmiAccount.\nFor more information see Who can help you with your application.\nTell us if things change after you submit your application but before we have made a decision.\nThings you need to let us know about include:\nWe will let you know our decision on your visa application in writing. We will tell you:\nKeep a copy of our decision with you when in Australia.\nIf we refuse your visa we will let you know in writing. We will tell you why we refused and whether you have a right to a review of the decision.\nYou must meet all visa conditions and obey Australian laws. See your conditions in VEVO or your visa grant letter.\nLearn more about visa conditions.\nTell us if there is a change in your situation.\nThings you need to let us know about include:\nThis visa lets you:\nTo see your specific conditions, work and study entitlements use VEVO.\nVolunteer work tourism schemes\nYou can't work in Australia on a Visitor visa, but you might be able to do volunteer work.\nIf you have multiple entry, you can travel outside Australia and return while your visa is valid.\nIf you have no travel and you leave Australia, you have to apply for another visa to return.\nSee when you must leave in VEVO.\nYou can't stay in Australia longer by extending this visa. You must apply for a new visa if you want to stay longer. See Explore visa options.\nTo prove you have a visa and show your conditions to someone, use VEVO.\nCheck your travel documents\nYou must have a valid passport or other travel document to leave Australia.\nDepartures SmartGate\nWe have an automated process that uses facial recognition technology and your ePassport. You might be able to leave the airport faster if you use SmartGate.\nInternational Movement Record \nRequest your international movement records to get proof of your travel in and out of Australia."
}