{
    "visaID": "visa7.15",
    "visaType": "visa7",
    "visaName": "Government Agreement visa (subclass 406)",
    "link_crawl": "https://immi.homeaffairs.gov.au/visas/getting-a-visa/visa-listing/repealed-visas/government-agreement-visa-subclass-406",
    "content": "Government Agreement visa (subclass 406)The Government Agreement visa (subclass 406) closed to new applications on 24 November 2012. You cannot apply for this visa.\nYou might be able to apply for the Temporary Work (International Relations) visa (subclass 403).\n\n1. Visa Holders\nThis information is for people who have already been granted a Government Agreement visa (subclass 406). It explains your rights and obligations.\nYou can use Visa Entitlement Verification Online (VEVO) for free to check your visa details and entitlements.\nThis visa allows you to enter Australia either:\nYou can:\nYou and your family must comply with all visa conditions and Australian laws.\nDuring your stay in Australia, you and your family must:\nWhile you are in Australia you must:\nAny member of your family who was included in your visa application must:\nTell us if your circumstances change. This includes a new residential address, a new passport, or a pregnancy, birth or death in your family.\nYou can use the following forms:"
}