{
    "visaID": "visa7.21",
    "visaType": "visa7",
    "visaName": "Regional Sponsor Migration Scheme (subclass 119 and 857)",
    "link_crawl": "https://immi.homeaffairs.gov.au/visas/getting-a-visa/visa-listing/repealed-visas/regional-sponsored-migration-scheme-(subclasses-119-and-857)",
    "content": "Regional Sponsored Migration Scheme (subclasses 119 and 857) \nThe Regional Sponsored Migration Scheme visa (subclasses 119 and 857) closed to new applications on 1 July 2012.\nIf you have applied for this visa but no visa decision has yet been made, you can add dependent children to your application at any time until your visa is decided.\nIf you already hold a Regional Sponsored Migration Scheme visa (subclasses 119 and 857), your family members can apply separately for a visa. They can be in or outside Australia when they apply.\nThis visa allows you and your family to live and work in Australia on a permanent basis.\n\n1. Visa applicant\nYou can add the following people to your visa application if you tell us in writing and we have not yet made a decision about your application:\nFor detailed information regarding who you can include in your application see  including family members in your application.\nThey must also be nominated by your employer.\nMembers of your family unit must be able to show that they meet health and character requirements\n2. Visa holders\nThis is a permanent residence visa.\nThis visa allows you and any family members who have been granted this visa to:\nYour visa might be cancelled if either:\nThe employer must make sure that all relevant workplace laws and award conditions are met.\nYou must tell us if your circumstances change.  This includes a new residential address, a new passport, or a pregnancy, birth, divorce, separation, marriage, de facto relationship or death in your family.\nPlease report changes in your circumstances via ImmiAccount.  If you are not able to use ImmiAccount, you can use the following forms:"
}