{
    "visaID": "visa4.18.1",
    "visaType": "visa4.18",
    "visaName": "Australian Government Endorsed Events",
    "link_crawl": "https://immi.homeaffairs.gov.au/visas/getting-a-visa/visa-listing/temporary-activity-408/australian-government-endorsed-events",
    "content": "\n1. Temporary Activity visa (subclass 408)\n2. Australian Government endorsed events\nFor the duration of the event (or up to 4 years depending on your circumstances)\nFrom  AUD415.00\nFor an indication of processing times for this visa, use the visa processing time guide tool. This will show the processing times for recently decided applications. It is a guide only and not specific to your application.\nNote: Applications for the Australian Government Endorsed Events (COVID-19 Pandemic event) visa closed on 1 February 2024.\nNote: If you are seeking to extend your stay in Australia to pursue a workplace exploitation claim, you must be in Australia when you apply and have certified evidence of a claimed workplace exploitation matter.\nFor information on eligibility, cost and how to apply for the Workplace Justice visa, see Workplace Justice Pilot.\nSee all conditions\nIf you are getting help with your visa, before you pay someone, read information on Who can help with your visa application.\n3. With this visa, you can\nTravel to or stay in Australia to participate in events endorsed by the Australian Government.\n4. How long you can stay\nThis is a temporary visa. You may be granted a visa for the duration of the event, or up to 4 years, depending on the circumstances.\nYour visa stay period is shown on your visa grant letter:\nYou can check your visa details in the visa grant letter or use VEVO.\n5. Stay longer\nYou can't stay in Australia longer by extending this visa. Explore your visa options.\n6. Cost\nThe visa usually costs AUD415.00 for the primary applicant.\nThere is also a charge for each family member who applies for the visa with you. See Fees and charges for visas\nYou might also have to pay other costs for health checks, police certificates and biometrics.\nTo work out what your visa will cost use the visa pricing estimator. The estimator does not take into account the other costs.\n7. Apply from\nYou can be in or outside Australia when you apply for the visa and when we decide on your application.\n8. Processing times\nFor an indication of processing times for this visa, use the visa processing time guide tool. This will show the processing times for recently decided applications. It is a guide only and not specific to your application.\n9. Your obligations\nYou must comply with all visa conditions and Australian laws.\nYou need to comply with all public health directions to stay safe.\nLearn more about conditions for this visa.\nYour activities must not harm the work, training or job conditions of Australian citizens or permanent residents.\n10. Travel\nThe visa is granted with multiple entry. This means you can leave and re-enter Australia as many times as you want during the visa stay period.\nRe-entering Australia on a multiple entry visa does not restart the period of stay you were granted. The time you spend outside Australia does not extend the visa.\n11. Visa label\nWe will digitally link your visa to your passport. You will not get a label in your passport.\nIf we grant you a visa, we will send you a grant notification letter containing the visa grant number. You can use this number to access your digital visa record.\nApplications for the Australian Government Endorsed Events (COVID-19 Pandemic event) visa closed on 1 February 2024.\nYou must have enough money to support yourself.\nYou must meet our health requirement.\nThis means you may need to undergo a health check.\nYou must meet our character requirement.\nYou are personally liable for all your healthcare costs while you are in Australia. Medical insurance helps limit your financial liability.\nYou must have adequate health cover for the whole of your stay to be granted this visa. Your cover should cover you for medically necessary treatment, including transport.\nSee what we consider adequate health insurance.\nSee more about health insurance for overseas visitors.\nSome countries have a reciprocal healthcare agreement with Australia. Find out more from the Department of Human Services about reciprocal healthcare agreements.\nYou can't use our temporary visa program to maintain ongoing residence in Australia.\nThe genuine temporary entrant (GTE) requirement helps us to make sure that you use temporary visas correctly.\nWe generally don't let temporary residents extend their stay in Australia beyond 4 years by applying for this visa.\nWe must be satisfied that you have a genuine intention to stay here temporarily.\nWhen assessing your application, we will consider:\nWe will only grant this visa to a child younger than 18 years if all persons who have parental responsibility for them have given their consent for us to grant the visa.\nWe might not grant this visa if it is not in the best interests of an applicant under 18.\nIf you owe the Australian Government money, you must have paid it back or have a formal arrangement to pay it back.\nWe will consider your immigration history when we make a decision on your application. If you have had a visa cancelled or refused you might not be eligible for this visa\nIn some circumstances you may still apply for a permanent visa if you have had a visa cancelled or an application refused. See Limitations on applications in Australia (129KB PDF).\nIf applying for a visa from outside Australia, see Can I go to Australia.\nIf you need help with immigration, see Who can help with your visa application.\nIf you are 18 years of age or older, you must acknowledge the Australian Values Statement. This confirms you will respect the Australian way of life and obey Australian laws when you apply for the visa. Learn more about Australian Values.\nLet us know if you are getting help with your application.\nOnly some people can help you with your application. If you appoint someone to give you immigration assistance they must be:\nYou can appoint anyone to receive documents on your behalf relating to your visa matter.\nProvide evidence to support your application.\nProvide accurate information. See what happens if you can't prove your identity or don't provide true information.\nProvide the pages of your current passport showing your photo, personal details, and passport issue and expiry dates.\nAlso provide:\nDocuments that prove a change of name include:\nShow us you can support yourself by providing:\nWe can also consider allowances, accommodation and other help from your employer or your event organiser.\nWe will tell you if and when you need to get a police certificate.\nTo nominate someone to:\nUpload your written notification or your forms to ImmiAccount.\nApplicants under 18 years old provide:\nYou must get consent for any applicant under 18 years of age to visit Australia from anyone who:\nThey must complete either:\nAlternatively, you can show us:\nInclude:\nHave all non-English documents translated into English.\nProvide original and translated documents in your application.\nTranslators in Australia must be accredited by the National Accreditation Authority for Translators and Interpreters.\nTranslators outside Australia do not have to be accredited. But on each translation, they must include their:\nThese details must be in English.\nNote: You do not need to have any documents certified.\nScan or photograph all documents (English and non-English) in colour.\nThe scans and photos must be legible.\nIf a document is more than one page, save it all as one file.\nYou must apply for this visa online. You can be in or outside Australia when you apply.\nProvide accurate information. See what happens if you can't prove your identity or don't provide true information.\nWe will not process your application until you pay the fee (if required).\nEach family member must have their application fee paid and documents attached to their application.\nWe will let you know when we have received your application. See what you can and must do after you apply.\nWe can’t give updates on applications within the standard processing time.\nYou can check if we need more information from you in ImmiAccount.\nIf you leave Australia after you have submitted your application but before we have made a decision, make sure you have a visa to return.\nCheck your conditions and the expiry of your current visa in VEVO.\nLearn about visa expiry.\nIf you didn't have health examinations before you applied, we will let you know if you need them. Check ImmiAccount.\nWe might ask for biometrics (fingerprints and photo). We will let you know if you need to provide them.\nIf you did not attach all documents when you applied, attach them as soon as possible in ImmiAccount.\nWe might also ask you to provide more information.\nIf you are in Australia, make sure you stay lawful by holding a visa while we process your application.\nIf you were in Australia when you applied for this visa you may be granted:\nIf your current visa expires before we decide on your application, the Bridging visa will start. You can stay in Australia on the Bridging visa while we process your visa application. You cannot re-enter Australia on a BVA or BVC - there is no right of return on these visas and they will cease on departure.\nDo not ask to have the visa you currently hold cancelled. If your visa is cancelled:\nLearn more about visa expiry.\nCheck what conditions might apply to your bridging visa or the visa you have applied for with our condition checker.\nLet us know as soon as you can if you made a mistake on your application.\nComplete Form 1023 Notification of incorrect answers (168KB PDF) and attach it in ImmiAccount.\nLet us know if you no longer want someone to:\nUpload your written notification or your forms to ImmiAccount.\nFor more information see Who can help you with your application.\nThings you need to let us know about after you have applied might include:\nSee how to tell us if your situation changes.\nYou can be in or outside Australia when we decide on your visa application. We will let you know our decision in writing.\nIf we grant your visa, we will tell you:\nKeep a copy of the decision.\nIf we refuse your visa, we will tell you:\nWe will not refund the application fee if we refuse your application.\nYou must have:\nAll people arriving in Australia must complete the Incoming Passenger Card.\nWe have an automated process that uses facial recognition technology and your ePassport. You might be able to leave the airport faster if you use SmartGate.\nTo see your specific conditions and work entitlements use VEVO.\nYou must meet all visa conditions and follow Australian laws. Check your conditions on your visa grant letter or in VEVO.\nThings you need to let us know about include:\nSee how to tell us if there is a change in your situation\nThe visa stay period starts on the date you enter Australia.\nYou can check your visa stay period in your visa grant letter or use VEVO.\nTo see when you must leave, use VEVO.\nYou can't stay in Australia longer by extending this visa. You must apply for a new visa if you want to stay longer.\nSee your options.\nYou must make your first entry to Australia by the date specified in the visa grant letter. This is the Must not arrive after date.\nOnce you make your first entry to Australia your Visa stay period starts. Your Visa stay period is the length of time you can stay in Australia.\nYou can travel outside Australia and return as many times as you want during the visa stay period while the visa is in effect and travel restrictions are not in place.\nTime spent outside Australia does not extend the visa. The visa stay period does not start again each time you enter Australia. Any time you spend outside of Australia counts as part of the stay period.\nSee your conditions in VEVO.\nTo prove you have a visa and show your conditions to someone, use VEVO.\nRequest your international movement records to get proof of your travel in and out of Australia.\nTo see your conditions for work, use VEVO.\nIf you have permission to work, you are protected by Australian workplace law. See your workplace rights and entitlements.\nYou must have a valid passport or other travel document to leave Australia.\nCheck your conditions and the expiry of your current visa in VEVO.\nSee what you can and must do if your visa has expired or is about to expire.\nWe have an automated process that uses facial recognition technology and your ePassport. You might be able to leave the airport faster if you use SmartGate.\nTo get proof of your travel in and out of Australia request your international movement records."
}