{
    "visaID": "visa7.2",
    "visaType": "visa7",
    "visaName": "Skilled-Recognised Graduate visa (subclass 476)",
    "link_crawl": "https://immi.homeaffairs.gov.au/visas/getting-a-visa/visa-listing/repealed-visas/skilled-recognised-graduate-visa-subclass-476",
    "content": "Skilled-Recognised Graduate visa (subclass 476)\nYou can no longer apply for a Skilled – Recognised Graduate visa (subclass 476). A cap was placed on this visa on 22 December 2023, and it was permanently closed to new applications from 1 July 2024. \n1. Visa holders\nThis information is for people who have already been granted a Skilled – Recognised Graduate visa (subclass 476). It explains your rights and obligations.\nYou can use Visa Entitlement Verification Online (VEVO) for free to check your visa details and entitlements.\n2. How long your visa lasts\nIf you already hold a Skilled – Recognised Graduate visa (subclass 476), it will be valid until the expiry date you were given when your visa was granted.\n3. What this visa lets you do\nWith this visa, you can:\n4. Your obligations\nYou and your family must comply with all visa conditions and Australian laws.\nDuring your stay in Australia, you must:\n5. Family members\nNo subsequent entrant applications can be lodged from 1 July 2024.\n6. Report changes in circumstances\nTell us if your circumstances change. This includes a new residential address, a new passport, or a pregnancy, birth or death in your family.\nFor further information, visit Changes in your situation."
}