{
    "visaID": "visa6.11",
    "visaType": "visa6",
    "visaName": "Special Purpose visa",
    "link_crawl": "https://immi.homeaffairs.gov.au/visas/getting-a-visa/visa-listing/special-purpose-visa",
    "content": "\n1. Special Purpose visa\nYou can stay in Australia temporarily for as long as you have a 'prescribed status', unless we cease your visa for another reason.\nIf you are an airline crew member, aircraft safety inspector or airline positioning crew member see Crew Travel Authority.\nThere are no processing times available for this visa.\nSee all conditions\nhave a 'prescribed status'. This includes but is not limited to being:\n2. With this visa you can, depending on your prescribed status\n3. How long you can stay\nYou can stay in Australia on a temporary basis for as long as you have a 'prescribed status'. Your visa will cease if:\n4. Stay longer\nYour visa will cease if your 'prescribed status' ends. If you want to stay longer in Australia you must apply for a different visa.\nExplore your visa options.\n5. Include family\nIn some limited circumstances, your partner or dependent relative may be eligible for a Special Purpose visa. Find out about eligibility.\n6. Cost\nThere is no application charge for this visa.\n7. Your obligations\nThe Special Purpose visa is only valid as long as you have a 'prescribed status'. If your prescribed status ends, the visa will cease.\nYou must obey all Australian laws.\nYou must comply with all legal obligations attached to your prescribed status.\n8. Health insurance\nWe recommend you take out health insurance to cover any unforeseen medical treatment you might need in Australia. You are personally liable for all your healthcare costs while you are in Australia. Insurance can help limit your financial liability.\nSee what we consider adequate health insurance.\nLearn more about health insurance for overseas visitors.\nSome countries have a reciprocal healthcare agreement with Australia. Find out more from Services Australia about reciprocal healthcare agreements.\n9. Travel\nYou can enter and depart Australia as many times as you want as long as you hold the prescribed status.\n10. Visa label\nAs this temporary visa is based on your prescribed status it may not be linked to your passport. You will not get a label in your passport.\nTo have a prescribed status, this includes but is not limited to being:\nYou must be an:\nSee: Crew Travel Authority\nYou must be:\nYou must be a member of:\nYou are also eligible if you are the accompanying spouse, de facto partner or dependent relative of an eligible armed forces member and are listed on the members military travel orders.\nSee: Military personnel travelling with restricted goods\nYou must have a valid passport or other travel document.\nMilitary personnel must travel with Military ID and Movement orders indicating their travel to Australia. Dependants must travel with their valid national passport and a certificate or letter stating that they are a dependant of the primary Military person.\nAirline Crew must hold a valid passport and Airline Identity Card and be included on the crew list, or carry a letter from their employer indicating the purpose of travel as airline positioning crew.\nWe will grant you the Special Purpose visa when you enter Australia.\nThe Special Purpose visa is a temporary visa that is only valid as long as you have a 'prescribed status'. If your prescribed status ends, the visa will cease.\nYou must follow all Australian laws.\nYou must comply with all legal obligations attached to your eligibility status.\nThe Special Purpose visa lets you:\nIf you are a spouse, de facto partner or dependent relative of an eligible armed forces member, and listed on the travel orders as accompanying them to Australia, you are able to work and study while in Australia.\nIf you are an airline crew member, airline positioning crew member or an aircraft safety inspector, see Crew Travel Authority\nYour visa will cease if your 'prescribed status' ends. If you want to stay longer in Australia you must apply for a different visa.\nExplore your visa options.\nYou must have a valid passport or other travel document to leave Australia.\nRequest your international movement records to get proof of your travel in and out of Australia."
}