{
    "visaID": "visa4.2.6",
    "visaType": "visa4.2",
    "visaName": "Premium Investor stream",
    "link_crawl": "https://immi.homeaffairs.gov.au/visas/getting-a-visa/visa-listing/business-innovation-and-investment-188/premium-investor",
    "content": "\n1. Business Innovation and Investment (provisional) visa (subclass 188)\n2. Premium Investor stream\n4 years and 3 months\nFrom AUD9,455.00\nFor an indication of processing times for this visa, use the visa processing time guide tool. This will show the processing times for recently decided applications. It is a guide only and not specific to your application.\nSee all conditions\nIf you are getting help with your visa, before you pay someone, read information on Who can help with your visa application.\n3. With this visa, you can\n4. How long you can stay\nThis is a provisional visa. You can stay in Australia for 4 years and 3 months.\nThe visa is granted with multiple entry. You can leave and re-enter Australia as many times as you want while the visa is valid.\nThe visa starts on the date we grant it.\n5. Stay longer\nThis is a provisional visa. You must apply for a new visa if you want to stay longer. Explore your visa options\nOnce you have this visa, you can apply for permanent residence through the Business Innovation and Investment (Permanent) visa (subclass 888) Premium Investor stream if certain requirements are met.\n6. Include family\nYou can include members of the family unit in your application when you apply. You can also add dependent children to your application at any time before we decide your application.\nFamily members who apply for the visa must meet our health and character requirements.\nIn order for the primary applicant to be granted this visa, family members who are not coming to Australia must meet our character requirements and might have to meet our health requirements.\n7. Cost\nThis visa costs AUD9,455.00 for the main applicant.\nThere is also a charge for each family member who applies for the visa with you:\nYou must pay an extra charge for any applicant 18 years old or older who has less than functional English.This charge is the second instalment. Pay it only when we ask you to. We will refund the charge if we do not grant you the visa. The second instalment charges are:\nTo work out what your visa will cost use the Visa Pricing Estimator. The estimator does not take into account the second instalment or other costs. You might also have to pay other costs for health checks, police certificates and biometrics.\n8. Apply from\nYou can be in or outside Australia when you apply for the visa and when we decide on your application, but not in immigration clearance.\n9. Processing times\nFor an indication of processing times for this visa, use the visa processing time guide tool. This will show the processing times for recently decided applications. It is a guide only and not specific to your application.\nYour application can take longer to process if:\n10. Your obligations\nYou and your family members who are part of your application must comply with all visa conditions and Australian laws.\nIf you apply for a Business Innovation and Investment (Permanent visa (subclass 888) Premisum Investor stream, you must genuinely have a realistic commitment to maintain business and investment activity.\nYou must also hold your investment of AUD15 million for a minimum of 12 months and follow Australian workplace laws.\nLearn more about conditions for this visa.\nAll workers in Australia (including visa holders) have rights and protections at work. Pay rates and workplace conditions are set by Australian law.\n11. Adequate health insurance\nWe recommend you take out health insurance to cover any unforeseen medical treatment you might need in Australia. You are personally liable for all your healthcare costs while you are in Australia. Insurance can help limit your financial liability.\nSee what we consider adequate health insurance.\nLearn more about health insurance for overseas visitors.\nReciprocal healthcare agreements\nSome countries have a reciprocal healthcare agreement with Australia. Find out more from Sevices Australia about reciprocal healthcare agreements.\n12. Travel\nYou can travel outside Australia and return as many times as you want while the visa is valid.\nThe time you spend outside Australia does not extend the visa.\n13. Visa label\nAustralian visas are digital.\nWe do not put a visa label in your passport. Instead, we link your digital visa record to your passport.\nYou must be nominated by Austrade before being invited to apply for this visa.\nAustrade must not withdraw their nomination after you apply, or we will be unable to grant you a visa.\nFirst you must submit an Expression of Interest (EOI). If Austrade accepts your EOI and nominates you, we will invite you to apply for this visa.\nAustrade will not accept unsolicited expressions of interest.\nLearn more about the Premium Investor program from Austrade.\nAfter you lodge your application, you must make a complying premium investment of at least AUD15 million in any of the following options\nTo be an eligible fund, a further requirement is that cash is to be no more than 20% of a fund’s net assets and derivatives are to be used for risk management purposes only.\nPremium investors may elect to make a portion or the entirety of their investment by way of a philanthropic donation (endorsed by a state or territory government.\nFurther information on the complying premium investment\nIncome that you earn from your complying premium investment in Australia is subject to tax under Australian taxation law.\nYou must also have a genuine and realistic commitment to continue your investment activity in Australia after your visa ends.\nDo not make your complying premium investment before you submit a visa application. Once you have lodged an application, if we are satisfied you meet other criteria for the grant of the visa, you will be invited to make a complying premium investment.\nYou must have net assets of at least AUD15 million. These assets could belong to you, your partner, or you and your partner combined. They must be legally acquired, unencumbered, and available to make the complying premium investment in Australia.\nYou and your partner must not have a history of involvement in business or investment activities that are of a nature that is not generally acceptable in Australia.\nYou must agree not to bring any action against the Commonwealth for any loss relating to your complying premium investment. This also applies to any member of the family unit 18 years of age or older who is also an applicant for this visa.\nAll applicants aged 18 or over at time of application must have at least functional English. If you are unable to prove they have functional English you will have to pay the second instalment.\nYou and any family members who apply for the visa with you must meet our health requirement.\nIf you apply for this visa from outside Australia, family members who are not coming to Australia may also have to meet our health requirement.\nYou and family members aged 16 years or over who apply for the visa with you must meet our character requirement.  We may also ask that other family members meet the requirement.\nIf you and your family members who have applied for the visa are 18 years of age or older at the time of application, you and your family members must:\nIf you or any family members owe the Australian Government money, you or they must show that it has been paid back or there is an approved arrangement in place to pay it back\nWe will consider your immigration history when we make a decision on your application, which means you might not be eligible for this visa if you have had a visa cancelled or refused.\nIn some circumstances you may still apply for a permanent visa if you have had a visa cancelled or an application refused see Limitations on applications in Australia (129KB PDF).\nIf applying for a visa from outside Australia see Can I go to Australia.\nIf you want immigration assistance, see Who can help with your visa application.\nYou must be nominated by Austrade and be invited to apply. Unsolicited expressions of interest are not accepted.\nNominations for this visa are made by Austrade invitation only. Austrade will not accept unsolicited expressions of interest.\nLearn more about the Premium Investor visa program from Austrade.\nOnly some people can help you with your application. If you appoint someone to give you immigration assistance they must be:\nYou can appoint anyone to receive documents on your behalf relating to your visa matter.\nYou will need to prove your identity, and provide documents about your business and assets. You also need to provide documents about family members applying with you.\nYou are obliged to prove your identity and provide true information with your application. See what happens if you can't prove your identity or do not provide true information.\nYou and any family members who apply for the visa with you, must provide:\nColour copies of the pages of your current passport showing your photo, personal details, and passport issue and expiry dates.\nAlso provide:\nDocuments that prove a change of name include:\nProvide a Statement of Assets and Liabilities Position (SALP) by filling out Form 1139A Statement of Assets and Liabilities Position (143KB PDF).\nComplete the form as at a date less than 3 months before the date you were invited to apply for this visa\nProvide evidence that you own the assets you propose to use to make the complying investments. Also give us evidence of their value (minimum AUD15 million).\nYou must include evidence of liabilities (if any) against each asset. For example, mortgages, loans including unsecured and third party loans, and credit cards. Provide evidence for each asset and liability recorded in the SALP. Label each document, identify the asset or liability and cross-reference it to the SALP.\nFor cash assets, provide bank statements or certificates of deposit for the date nominated on your SALP.\nFor real estate assets, provide the following for the dates nominated on your SALP:\nFor business loans, provide the following for the date nominated on your SALP:\nFor business ownership, provide evidence of ownership for the date nominated on your SALP. This may include one or more of the following:\nFor listed companies, provide the published annual report. For unlisted companies, provide financial statements. An independent accountant must prepare these financial statements to international accounting standards. Or provide a review report prepared by qualified auditors in accordance with ISRE2400.\nFor stocks and bonds, provide stocks trading account statements; stocks or bonds registers; stocks, fixed interest securities or debentures certificates, or transfer certificates. Provide these for the date nominated on your SALP.\nFor assets held via a trust, provide a complete copy of the trust deeds, including all schedules.\nProvide a signed declaration on your proposed method of fund transfer to make the complying premium investment.\nProvide an overview of your complying premium investment intentions.\nThis must include an outline of your intended investments in Australia.\nYou need to provide your asset portfolio's source of funds\nYou need to provide a signed declaration listing the sources of funds for your asset portfolio, and that these funds were lawfully acquired.\nAlso provide evidence to support your source of funds declaration:\nWe will tell you when you need to make the complying premium investment and when we need this evidence. You must make the complying premium investment after you have applied for the visa.\nYou will need to show that the funds used to make the complying premium investment originate from the assets nominated to make the complying premium investment. The trail of funds must also be reasonably established with supporting evidence\nProvide proof that you and dependants 18 years or older (at time of applying for this visa) have at least functional English.\nIf you can't provide evidence of having at least functional English must second visa application charge.\nIf you or your dependants have less than functional English, provide a statement indicating your intention to pay the second visa application charge for each person with less than functional English.\nWe will advise you when to pay this.\nYou and any family members who apply for the visa with you, provide:\nTo nominate someone to:\nUpload your written notification or your forms to ImmiAccount.\nProvide your partner's:\nProvide either:\nDocuments that prove your de facto relationship include:\nFor every dependant 18 years old or younger who is applying with you, provide:\nYou must get consent for any applicant under 18 years of age to migrate to Australia from anyone who:\nThey must complete either:\nAlternatively, you can show us:\nInclude:\nNote: If your child is likely to turn 18 while your application is being processed, you will need to provide evidence they are dependent on you. See the section 'Dependants over 18 documents' below for further information. A child who turns 18 while your application is being processed and who is not dependent on you cannot satisfy the criteria for this visa.\nTo include your child who is over 18 in your visa application, they must be:\nProvide:\nIf your child is likely to turn 23 while your application is being processed, you will need to provide evidence they are dependent on you due to disability.\nProof of dependency\nYou must also provide proof the child is dependent on you.\nYou must also prove this person has been financially dependent on you for at least 12 months before you apply. You could provide:\nNote: A child who turns 23 while your application is being processed and who does not meet these requirements cannot satisfy the criteria for this visa.\nHave all non-English documents translated into English.\nProvide original and translated documents in your application.\nTranslators in Australia must be accredited by the National Accreditation Authority for Translators and Interpreters.\nTranslators outside Australia do not have to be accredited. But on each translation, they must include their:\nThese details must be in English.\nNote: You do not need to have any documents certified.\nScan or photograph all documents (English and non-English) in colour.\nThe scans and photos must be clear.\nIf a document is more than one page, save it all as one file.\nIf you are applying from China, Macau, Hong Kong or Taiwan, please use the document checklist from the Australian Consulate General Hong Kong.\nIf you are invited to apply for the Premium Investor visa, you will apply for the visa online in ImmiAccount. Your invitation letter contains instructions on how to submit your application.\nYou are obliged to prove your identity and provide true information with your application.\nSee what happens if you can not prove your identity or do not provide true information.\nImmiAccount will tell you the charge. We will not process your application until you pay the correct charge.\nSend your documents\nAfter you submit your application online, send us your documents and other forms.\nIf you live in the People's Republic of China (PRC), Hong Kong (SAR), Macau (SAR) or Taiwan, send the documents to the Australian Consulate General Hong Kong.\nIf you live elsewhere, send your documents by registered post or courier to:\nAdelaide Visa and Citizenship Office\nAttention: Adelaide Business Skills Processing Centre\nWe will let you know when we have received your application.\nWe cannot provide updates on applications. You will be contacted if additional information is required. Please wait for us to contact you.\nYou do not have to tell us if you want to travel outside Australia while we process your application. This is because you can be outside Australia when we make a decision.\nBut if you leave Australia, you must make sure you have a valid visa if you plan to return to Australia before a decision is made on your application.\nLearn about visa expiry.\nLearn about Bridging visas\nIf you did not have health examinations before you applied, we will let you know if you need them.\nWe might ask for biometrics (fingerprints and photo). We will let you know if you need to provide them.\nIf you didn't send us all documents when you applied, send them as soon as you can.\nIf you live in the People's Republic of China (PRC), Hong Kong (SAR), Macau (SAR) or Taiwan, send the documents to the Australian Consulate General Hong Kong.\nIf you live elsewhere, send your documents by registered post or courier to:\nAdelaide Visa and Citizenship Office\nAttention: Adelaide Business Skills Processing Centre\nYou can add members of the family unit to your application after you apply but before we decide your visa.\nComplete Form 1436 Adding an additional applicant after lodgement (481KB PDF) and\nFind out what to do if your child is born after you apply.\nLet us know as soon as you can if you made a mistake on your application. Complete Form 1023 Notification of incorrect answers (168KB PDF).\nWhen we are satisfied that you meet all other criteria for this visa, we will invite you in writing to make a complying premium investment. Do not make your complying premium investment until we invite you to do so, as your visa will not be granted if you cannot satisfy all other criteria for this visa. Further, any investment made before lodging the application will not meet the requirements of this visa.\nIf we invite you to make a complying premium investment, your invitation letter will state the sources of funds that we have accepted for you to use for the investment.\nYou must make the investment within the timeframe stated in the letter (usually 70 days).\nWhen you have made the investment, you must provide our office with:\nProvide documents showing that you have liquified the assets detailed in Evidence of ownership and value of assets.\nAlso provide documents showing that minimum AUD15 million has been transferred to make the complyingpremium  investment.\nObtain a Form 1413D Declaration for each investment (249KB PDF) component. The responsible fund manager must sign it. The form should be dated after the relevant investment has been made.\nIn some cases the declaring fund manager does not hold an official position with the fund's responsible entity. If this is the case, provide a letter issued by the responsible entity authorising that the declaring fund manager can sign the form on its behalf.\nWhen filling out Part B of the form (Venture Capital and Growth Private Equity (VCPE) Funds), you may not have committed to a particular VCPE fund at the time of submitting this form.\nIf this is the case and you have funds held in a cash management trust, have the manager of the trust sign Part B.\nIf this is the case and your funds are in an Australian Authorised Deposit Taking Institution (ADI), provide the following:\nIf you are in Australia, make sure you stay lawful by holding a valid visa while we process your application.\nWhen you applied for this visa, if you were in Australia, you were granted a Bridging visa A (BVA). If your current visa expires before we decide on your application, the BVA will start.\nYou can stay in Australia on the BVA while we process your new visa application. However, if you intend to leave Australia and return while holding a BVA, you will need to apply to our office for a Bridging Visa B (BVB) or make alternative visa arrangements to return, as your BVA ceases when you leave Australia.\nDo not cancel your current visa. If you do, you will:\nLearn more about visa expiry.\nLearn about Bridging visas\nIf you need to pay a second instalment, we will send you an invoice after you have met all other requirements for the visa. Pay the invoice after you get it.\nYou must pay the instalment before we will grant the visa.\nLet us know if you no longer want someone to:\nUpload your written notification or your forms to ImmiAccount.\nFor more information see Who can help you with your application.\nThings you need to let us know about after you have applied include:\nSee how to tell us if your situation changes.\nWe will let you know in writing our decision about your visa application. If we grant you the visa, we will tell you:\nKeep a copy of the decision with you when in Australia.\nIf we refuse your visa, we will tell you why it was refused and whether you have a right to a review of the decision.\nWe will not refund the application fee if we refuse your application.\nYou must have:\nAll people arriving in Australia must complete the Incoming Passenger Card. You will be given this card onboard the aircraft.\nWe have an automated process that uses facial recognition technology and your ePassport. You might be able to leave the airport faster if you use SmartGate.\nThis is not a permanent visa. With this visa you can:\nTo see your specific conditions, work and study entitlements use VEVO.\nYou and your family members must comply with all visa conditions and obey Australian laws. See your conditions in VEVO or your visa grant letter.\nThings you need to let us know about include:\nSee how to let us know if your situation changes.\nThis is a provisional visa. You can stay in Australia for 4 years and 3 months.\nThe visa is granted with multiple entry. You can leave and re-enter Australia as many times as you want while the visa is valid.\nThe visa starts on the date we grant it.\nTo see when you must leave, use VEVO.\nThis is a provisional visa. You must apply for a new visa if you want to stay longer. Explore your visa options.\nOnce you have this visa, you can apply for permanent residence through the Business Innovation and Investment (Permanent) visa (subclass 888) Premium Investor stream if certain requirements are met.\nThis is a multiple entry visa. You can travel outside Australia and return as many times as you want while the visa is valid.\nThe time you spend outside Australia does not extend the visa.\nTo prove you have a visa and/or show your conditions to someone, use VEVO.\nRequest your international movement records to get proof of your travel in and out of Australia.\nAfter you are granted this visa, if members of your family want to apply for the same visa, they must submit a separate online application. Any additional family members are called 'subsequent entrants'.\nComplete the 'Application for a Business Innovation and Investment (Subsequent Entrant) Visa' application form in ImmiAccount.\nYou must have a valid passport or other travel document to leave Australia.\nWe have an automated process that uses facial recognition technology and your ePassport. You could leave the airport faster if you use SmartGate.\nRequest your international movement records to get proof of your travel in and out of Australia."
}