{
    "visaID": "visa4.10.3",
    "visaType": "visa4.10",
    "visaName": "Subsequent entrant",
    "link_crawl": "https://immi.homeaffairs.gov.au/visas/getting-a-visa/visa-listing/skilled-employer-sponsored-regional-494/subsequent-entrant",
    "content": "\n1. Skilled Employer Sponsored Regional (Provisional) visa (subclass 494)\n2. Subsequent entrant\nUp to 5 years\nFrom AUD4,770.00\nFor an indication of processing times for this visa, use the visa processing time guide tool. This will show the processing times for recently decided applications. It is a guide only and not specific to your application.\nSee all conditions\nIf you are getting help with your visa, before you pay someone, read information on Who can help with your visa application.\n3. About this visa\nUsually, you apply for this visa at the same time as the primary visa applicant. In some instances, this may not be possible. This may occur where the composition of the family changes after:\nWhen this occurs and you want to join your family member on their visa, you must apply separately by submitting a visa application in your own right. This is known as subsequent entrant.\nWhen you submit your visa application for a subsequent entrant, you are required to attach a written letter from your family member’s work sponsor (employer) extending their sponsorship obligation to include you as a family member in the nomination.\nThis requirement is intended to ensure the employer is aware of all the family members to whom their sponsorship obligations will extend.\nDiscuss this matter with the work sponsor in the first instance before lodging your subsequent entrant visa application.\n4. With this visa, you can\n5. Specified region\nYou can live, work and study only in a designated regional area. Designated regional areas include all of Australia except for Sydney, Melbourne and Brisbane.\n6. How long you can stay\nThis is a provisional visa. You can stay in Australia for a period of up to 5 years. Your visa will expire at the same time as your family member who is the primary SESR visa holder.\n7. Stay longer\nYou can't stay in Australia longer by extending this visa. Explore your visa options.\nIf eligible, you can apply for permanent residence with the primary SESR visa holder after 3 years from the time their visa is granted.\n8. Subsequent entrant\nSubsequent entrants who can apply for this visa are those who are members of the family unit of a primary SESR visa holder or a main applicant for a SESR visa.\nFamily members who apply for this visa must meet our health and character requirements.\n9. Cost\nThis visa costs AUD4,770.00.\nIt costs an additional AUD4,890 if the subsequent entrant is 18 years and over and does not have functional English. This extra charge is called a second instalment.\nTo work out what your visa will cost use the Visa Pricing Estimator. The estimator does not take into account the second instalment or other costs.\nYou will have to pay other costs including English language tests, health checks, police certificates and biometrics.\n10. Apply from\nYou can be in or outside Australia when you apply for the visa and when we make a decision on your application, but not in immigration clearance.\nIf you are applying in Australia, you must hold either of the following visa otherwise your application will not be valid:\n11. Processing times\nFor an indication of processing times for this visa, use the visa processing time guide tool. This will show the processing times for recently decided applications. It is a guide only and not specific to your application.\nWe assess applications on a case-by-case basis, and actual processing times can vary due to individual circumstances including:\nWe might ask for more information. We are not obligated to request further information or documents and can make a decision on the information provided. It is your responsibility to ensure all relevant supporting/evidentiary documentation is attached to your application.\n12. Your obligations\nYou must comply with all visa conditions and Australian laws.\nYou must live, work and study only in designated regional areas of Australia. If you do not, we might cancel your visa.\n13. Travel\nYou can travel out of Australia and return as many times as you want while the visa is valid.\nThe time you spend outside Australia does not extend the visa.\n14. Visa label\nWe will digitally link your visa to your passport. You will not get a label in your passport.\nYou must have a family member who is a primary SESR visa holder, or main applicant for a SESR visa, to be able to lodge a subsequent entrant visa application.\nThe work sponsor (employer) with the most recent approved nomination in relation to the primary SESR visa holder, or main applicant for a SESR visa, must agree (or have agreed) in writing to include you as a family member in the nomination.\nYou must show that you have Functional English. If you can’t show that you have Functional English, you will need to pay the second instalment.\nYou must meet our health requirement.\nIf you are aged 16 years and over you must meet our character requirement.\nImportant: if the primary SESR visa holder, or main applicant for a SESR visa, is sponsored by an accredited sponsor, you are not required to obtain police certificates from countries other than Australia provided you attach a reference from the accredited sponsor confirming that you are of good character and that you have not been convicted of any criminal offences. You must still, however, provide any required Australian police clearances where applicable or when requested to do so.\nWe will consider your immigration history when we make a decision on your application, which means you might not be eligible for this visa if you have had a visa cancelled or refused.\nIn some circumstances you may still apply for a permanent visa if you have had a visa cancelled or an application refused see Limitations on applications in Australia.\nIf applying for a visa from outside Australia see Can I go to Australia.\nIf you want immigration assistance, see Who can help with your visa application.\nIf you owe the Australian government money, you must have paid it back or arranged to pay it back.\nIf you are 16 years of age or older, you must:\nThings you will need to arrange before you apply could include discussing with the work sponsor to include you as a family member in the nomination or undertaking a health assessment. You might also want to get help with your application.\nWhen you apply, you must attach a written letter from the work sponsor (employer) extending their nomination to include you as a family member. This requirement is intended to ensure the primary SESR visa holder's, or main applicant for a SESR visa, employer is aware of all the family members to whom their sponsorship obligations will extend.\nDiscuss this with the work sponsor before you apply.\nYou need to have health examinations. You can complete them before you apply or you can wait until after you apply.\nOnly some people can help you with your application. If you appoint someone to give you immigration assistance they must be:\nYou can appoint anyone to receive documents on your behalf relating to your visa matter.\nAsk the work sponsor for the Transaction Reference Number (TRN) of the nomination application. You need it to apply for the visa.\nDocuments you may have to provide could include documents for your identity, character, health and English language skills.\nProvide accurate information. See what happens if you can't prove your identity or don't provide true information.\nProvide the pages of your current passport showing your photo, personal details, and passport issue and expiry dates.\nAlso provide:\nDocuments that prove a change of name include:\nAttach a written letter from the work sponsor (employer) extending their sponsorship obligation to include you as a family member in the nomination.\nYou must show that you have Functional English.\nIf you can’t show that you have Functional English, you will need to pay the second instalment of the visa application charge when we ask you to.\nYou do not need to provide health documents. If you have had medical exams, the results are sent to us by your doctor.\nProvide an Australian police certificate if you have spent a total of 12 months or more in Australia in the last 10 years since you turned 16 years. We only accept complete disclosure National Police Certificates issued by the Australian Federal Police . We do not accept standard disclosure certificates or national police certificates issued by Australian state or territory police. For immigration purposes, Australian police certificates are valid for 12 months from the date of issue.\nAlso provide:\nFurther information is available at: Character requirements for visas\nProvide:\nProvide either:\nDocuments that prove a de facto relationship include:\nFor every dependant under 18 years who is applying with you provide:\nYou must get consent for the child to come to Australia from anyone who:\nThey must complete either:\nInclude a document with the signature and photo of the person who completed the form or declaration, such as a:\nFor every dependant 18 years and over who is applying with you provide:\nYou need to prove that this person is a family member and/or dependent on you. Provide:\nYou must also prove this person has been financially dependent on you for at least 12 months before you apply. You could provide:\nYou must show that your family member and/or dependant has Functional English.\nIf you can't show that your family member and/or dependant has Functional English, you will need to pay the second instalment  of the visa application charge when we ask you to.\nTo nominate someone to:\nUpload your written notification or your forms to ImmiAccount.\nHave all non-English documents translated into English.\nTranslators in Australia must be accredited by the National Accreditation Authority for Translators and Interpreters.\nTranslators outside Australia do not have to be accredited. But on each translation, they must include their:\nThese details must be in English.\nScan or photograph all documents (English and non-English) in colour.\nThe scans and photos must be clear.\nIf a document is more than one page, save it all as one file.\nYou apply for this visa online in ImmiAccount.\nProvide accurate information. See what happens if you can't prove your identity or don't provide accurate information.\nWe will let you know when we have received your application. See what you can and must do after you apply.\nWe can’t give updates on applications within the standard processing time.\nWe might ask for more information. We are not obligated to request further information or documents and can make a decision on the information provided.\nIf you are in Australia, you don't have to tell us if you want to travel outside Australia while we process your application. This is because you can be outside Australia when we decide on your application.\nBut if you leave Australia, make sure you have a valid visa to return.\nLearn about visa expiry.\nLearn about travel on a Bridging visas.\nIf you didn't have health examinations before you applied, we will let you know if you need them. Check ImmiAccount.\nWe might ask for biometrics (fingerprints and photo). We will let you know if you need to provide them.\nWe might ask you to provide more information. Attach any additional documents we ask you for as soon as possible in ImmiAccount.\nIf you are in Australia, make sure you stay lawful by holding a valid visa while we process your application. You must hold a substantive visa or a Bridging visa A, Bridging visa B or Bridging visa C for your visa application to be processed.\nIf you were in Australia when you applied for this visa, you may have been granted a Bridging visa. If your current visa expires before we decide on your application, the Bridging visa will start. You can stay in Australia on the Bridging visa while we process your new visa application.\nDo not ask us to cancel your current visa. If your visa is cancelled, you will:\nIf you need to pay a second instalment of the visa application charge we will send you an invoice after you have met all other requirements for the visa. Pay the instalment after you get the invoice. Do not ask for the invoice.\nLet us know as soon as you can if you made a mistake on your application.\nComplete Form 1023 Notification of incorrect answers (168KB PDF).\nLet us know if you no longer want someone to:\nUpload your written notification or your forms to ImmiAccount.\nFor more information see Who can help you with your application.\nTell us if things change after you submit your application but before we decide on your application.\nThings you need to let us know about include:\nSee what to do if your situation changes.\nYou can be in or outside Australia when we decide on your visa application.\nWe must have granted your family member's SESR visa before we can grant you this visa.\nWe will let you know our decision about your visa application in writing.\nIf we grant your visa, we will tell you:\nKeep a copy of the decision.\nIf we refuse your visa, we will tell you:\nWe will not refund the visa application charge if we refuse your application.\nYou must have:\nAll people arriving in Australia must complete an Incoming Passenger Card. You will be given this card during your flight.\nWe have an automated process that uses facial recognition technology and your ePassport. You might be able to leave the airport faster if you use SmartGate.\nYour visa will come with conditions attached to it. To see your conditions, see your grant letter or use VEVO.\nYou must meet all visa conditions and obey Australian laws.\nLearn more about visa details and conditions.\nThings you need to let us know about include:\nSee what to do if your situation changes.\nThis is a provisional visa. You can live, work and study only in designated regional areas of Australia for up to 5 years.\nTo see when you must leave, see your grant letter or use VEVO.\nYou can’t stay longer by extending the visa.\nIf eligible, you can apply for permanent residence through the Permanent Residence (Skilled Regional) visa (subclass 191) with the primary SESR visa holder.\nThis visa does not come into effect until 2022.\nYou can travel to and from Australia as many times as you want while the visa is valid.\nTime spent outside Australia does not extend your length of stay in Australia.\nTo prove you have a visa and show your conditions to someone, use VEVO.\nYou can work only in designated regional areas of Australia.\nWhen you work in Australia, you are protected by Australian workplace law. See your workplace rights and entitlements.\nLearn more about visa details and conditions.\nYou must have a valid passport or other travel document to leave Australia.\nCheck your conditions and the expiry of your visa in VEVO.\nSee what you can and must do if your visa has expired or is about to expire.\nWe have an automated process that uses facial recognition technology and your ePassport. You might be able to leave the airport faster if you use SmartGate.\nYou are likely to have some money in a superannuation fund if you worked in Australia and:\nSee how to access your superannuation.\nRequest your international movement records to get proof of your travel in and out of Australia."
}