{
    "visaID": "visa7.10",
    "visaType": "visa7",
    "visaName": "Electronic Travel Authority (Visitor) visa (subclass 976)",
    "link_crawl": "https://immi.homeaffairs.gov.au/visas/getting-a-visa/visa-listing/repealed-visas/electronic-travel-authority-visitor-subclass-976",
    "content": "Electronic Travel Authority (Visitor) (subclass 976)You can no longer apply for an Electronic Travel Authority (Visitor) (subclass 976). It closed to new applications on 22 March 2013. You might be able to apply for the Electronic Travel Authority (subclass 601).\n1. Electronic travel authority holders\nThis information is for people who have already been granted an Electronic Travel Authority (Visitor) (subclass 976). It explains your rights and obligations.\nYou can use the free Visa Entitlement Verification Online (VEVO) to check your visa status and entitlements.\nFrom the day your Your Electronic Travel Authority (Visitor) (subclass 976) is granted it lasts the earliest of either:\nYou can:\nYou must comply with all electronic travel authority conditions and Australian laws.\nYou must:\nYou must tell us if your circumstances change. This includes a new residential address, a new passport, or a pregnancy, birth, divorce, separation, marriage, de facto relationship or death in your family.\nPlease report changes in your circumstances via ImmiAccount. If you are not able to use ImmiAccount, you can use the following forms:\nIf you do not provide us with the details of any new passport issued to you, you could experience significant delays at the airport and may be denied permission to board your plane.​​"
}