{
    "visaID": "visa3.11",
    "visaType": "visa3",
    "visaName": "Contributory Parent (Temporary) visa (subclass 173)",
    "link_crawl": "https://immi.homeaffairs.gov.au/visas/getting-a-visa/visa-listing/contributory-parent-temporary-173",
    "content": "\n1. Subclass 173\n2. Contributory Parent (Temporary) visa\n3. For Applicants\n4. For Sponsors\n2 years\nAUD32,430\nFor an indication of processing times for this visa, use the visa processing time guide tool. This will show the processing times for recently decided applications. It is a guide only and not specific to your application.\nFor more information, see Parent visa queue.\n​\nSee all conditions\nIf you are getting help with your visa, before you pay someone, read information on who can help with your visa application.\n5. With this visa you can\nYou can spread the cost of the permanent visa over a number of years by applying in 2 steps:\n6. How long you can stay\nThis is a temporary visa. You can stay in Australia for 2 years.\nThe visa period starts on the date you enter Australia after you are granted the visa.\nThe visa is granted with multiple entry. You can travel outside Australia and return as many times as you want within two years.\n7. Stay longer\nYou can't stay in Australia longer by extending or reapplying for this visa. You can apply for a different visa.\nExplore your visa options.\n8. Include family\nYou can include members of the family unit in your application when you apply.\nYou will be required to include details of all your family members, whether they are migrating or not, when you fill out the application form.\nIf you have a partner, include their details in your application even if they are not applying for the visa with you.\nFamily members who apply for the visa must meet our health and character requirements. Family members who are not coming to Australia might also have to meet our health and character requirements.\nFind out what to do if your child is born after you apply.\n9. Cost\nThis visa costs AUD32,430. There is an additional charge for each family member who applies with you.\nYou pay for this visa in 2 parts called instalments.\nPay the first instalment when you apply. Pay the second instalment when we ask you to. See more about visa fees and charges.\nYou might also have to pay other costs for health checks, police certificates and biometrics.\nTo work out what your visa will cost use the Visa Pricing Estimator. The estimator does not take into account the other costs.\n10. Apply from\nYou can be in or outside Australia when you apply for the visa.\nIf you apply in Australia, any family members who apply with you must also be in Australia, but not in immigration clearance, when you apply. If you apply outside Australia, any family members who apply with you must also be outside Australia when you apply.\nIf you apply for this visa in Australia while on a temporary visa with a no further stay condition, your application will be invalid, unless you apply for a waiver of this condition.\n11. Processing times\nThe demand for these visas is greater than the number of places available each year. As a result, processing times for these applications can be lengthy.\nFor an indication of processing times for this visa, use the visa processing time guide tool. This will show the processing times for recently decided applications. It is a guide only and not specific to your application.\nYour application might take longer to process if:\nWe cannot process your application if you do not pay the correct visa application charge. We will notify you if this is the case and if necessary return your application.\nThe Reports on Migration Programs have further information on Migration Program outcomes against planning for each migration program year.\nApplications for this visa are subject to capping and queueing.\nLearn more about the Parent visa queue and processing priorities.\nWe assess applications for this visa in 2 stages:\nDo not arrange to stay permanently in Australia until your visa is granted. We will let you know in writing if we grant you the visa.\nLearn more about the Parent visa queue and processing priorities.\nOther Parent visas available are:\nYou can view all visa options on our Visa list page.\n12. Assessment\nWe assess applications for this visa in 2 stages.\nDon't arrange to move to Australia until we grant the visa. We will let you know in writing if we grant you the visa.\nLearn more about the Parent visa queue and processing priorities.\n13. Your obligations\nYou must enter Australia before the date specified in your grant letter. The first entry date is generally set at 12 months from the date of visa grant.\nYou and your family members must meet all visa conditions and obey Australian laws.\nSee what conditions might be attached to this visa on our visa conditions page.\n14. Visa label\nWe will digitally link your visa to your passport. You will not get a label in your passport.\nYou cannot apply for this visa if you have already applied for or hold a Sponsored Parent (Temporary) (subclass 870) visa.\nYou must be sponsored for this visa.\nUsually you would be sponsored by an eligible child. If your child is under 18, you can be sponsored by an eligible relative or community organisation.\nWe must approve the sponsorship.\nYou must meet the balance-of-family test. You meet the balance of family test if:\nSee examples of how the balance-of-family test is applied.\nYou and any family members who apply for the visa with you must meet our health requirement.\nWe might also ask that other non-migrating family members meet the requirement.\nYou and any family members who apply for the visa with you must meet our character requirement.\nWe might also ask that other family members meet the requirement.\nIf you or any family members owe the Australian Government money, you or they must have paid it back or have an approved arrangement in place to pay it back.\nWe will consider your immigration history when we make a decision on your application, which means you might not be eligible for this visa if you have had a visa cancelled or refused.\nIn some circumstances you may still apply for a permanent visa if you have had a visa cancelled or an application refused, see Limitations on applications in Australia.\nIf applying for a visa from outside Australia, see Can I go to Australia.\nIf you want immigration assistance, see Who can help with your visa application.\nIf you are 18 years of age or older, you must:\nWe will not grant this visa if it is not in the best interests of an applicant under 18.\nCheck your passport. If you need help with your application, get someone to act on your behalf.\nYou and anyone who applies with you must have valid passports before we grant the visa.\nWe will only grant the visa if you have a valid passport.\nOnly some people can help you with your application. If you appoint someone to give you immigration assistance they must be:\nYou can appoint anyone to receive documents on your behalf relating to your visa matter.\nGather all your documents, including for any partner or dependants who might be applying with you. You will also need your sponsor documents.\nProvide accurate information. See what happens if you can't prove your identity or don't provide true information.\nWe need proof of your identity. If you cannot prove your identity:\nProvide the pages of your passport showing your photo, personal details, and passport issue and expiry dates.\nAlso provide:\nDocuments that prove a change of name include:\nYour application must be sponsored by an eligible sponsor.\nYour sponsor must complete Form 40 Sponsorship for migration to Australia.\nShow us that you meet the balance-of-family test by giving us:\nWe might ask you for character documents, including police certificates. Don't arrange a police check until we ask you to.\nLearn more about police certificates.\nTo nominate someone to:\nSend written notification or your forms with your paper application.\nFor every dependant under 18 years old who is applying with you, provide:\nYou must get consent for any applicant under 18 years of age to migrate to Australia from anyone who:\nThey must complete either:\nAlternatively, you can show us:\nInclude:\nTo include your child who is over 18 years age in your visa application, they must be:\nFor every dependant 18 years old or older who is applying with you, provide:\nIf your child is likely to turn 23 while your application is being processed, you will need to provide evidence they are dependent on you due to disability.\nProvide:\nYou need to prove that this person is dependent on you. Provide:\nYou must also prove this person has been financially dependent on you for at least 12 months before you apply. You could provide:\nFor partners, provide identity and relationship documents.\nProvide:\nProvide either:\nDocuments that prove your de facto relationship include:\nProvide 4 recent photos (45mm x 35mm) of anyone included in the application.\nPhotographs must be:\nYou can wear untinted prescription glasses. If you wear a head covering for religious reasons, you can show only your face.\nHave all non-English documents translated into English.\nProvide original copies and translated documents in your application.\nTranslators in Australia should be accredited by the National Accreditation Authority for Translators and Interpreters.\nTranslators outside Australia do not have to be accredited. But on each translation, they must include their:\nThese details must be in English.\nDo not certify police certificates. You need to send us the originals.\nHave all other documents certified copy. This includes:\nKeep a copy of your completed application.\nSend us:\nYou must apply for this visa on paper. You can apply from in, (but not in immigration clearance) or outside Australia when you submit your application.\nLearn more about where you can be when we make a decision on your application by reading the “Visa Outcome” section on this web page. (Below)\nYou cannot apply for this visa if you have already applied for or hold a Sponsored Parent (Temporary) (subclass 870) visa.\nProvide accurate information. See what happens if you can't prove your identity or don't provide true information.\nComplete Form 47PA Application for a parent to migrate to Australia.\nYour sponsor must complete Form 40 Sponsorship for migration to Australia\nWhether migrating or not, each member of the family unit aged 18 years or over must also complete Form 47A Details of child or other dependent family member aged 18 years or over.\nYou must complete all forms in English.\nYou must pay the first instalment when you apply. For payment options see how to pay.\nYou can't apply for this visa in person. Send your application by post or courier to the address on the form. Include all required documents, forms and evidence of payment of application charge with your application.\nDo not send original documents with your application, only send certified copies. Keep a copy of your completed application for your own records, including any supporting documents.\nIf any of the above steps are incomplete, your application may be invalid. We do not process invalid applications. We will notify you if this is the case, and if requested, return your application.\nIf you have applied for a different Parent visa but we have not made a decision on that application, you must withdraw that application at the same time that you apply for this visa.\nAlso complete Part B of Form 47PA Application for a parent to migrate to Australia.\nWe will let you know when we have received your application and documents. There may be other things you need to know and might have to do.\nWe can't provide updates on your application's progress within normal processing times. We will let you know if you need to provide anything further.\nLearn more about the Parent visa queue and processing priorities.\nDo not arrange to travel to Australia until we let you know, in writing, that we have granted you the visa.\nWe will let you know if you need health examinations\nWe might ask for biometrics (fingerprints and photo). We will let you know if you need to provide them.\nSend any documents you did not provide with your application to the Parent Visa Centre in Perth.\nWe might also ask you to provide more information.\nYou must pay the second instalment before we will grant the visa. We will send you an invoice when it is due. If you do not pay the invoice, we will refuse your application.\nLet us know as soon as you can if you made a mistake on your application.\nComplete Form 1023 Notification of incorrect answers.\nLet us know if you no longer want someone to:\nSend written notification or your forms to the office your submitted your application.\nFor more information see Who can help you with your application.\nThings you need to let us know about include:\nSee how to tell us if your situation changes.\nIf your current temporary visa is about to expire, you should make sure you stay lawful by holding a valid visa while we process your application.\nFind out what to do if your child is born after you apply.\nYou must be outside Australia when we make a decision on your application.\nWe will let you know our decision in writing.\nIf we grant you the visa, we will let you know:\nWe recommend you keep a copy of our decision.\nIf we refuse your visa we will let you know in writing. We will tell you:\nWe will not refund the application fee if we refuse your application.\nYou must have:\nYou must enter Australia before the date specified in your grant letter.\nIf your visa is still valid and the date specified in your visa grant letter has passed or will pass before you can travel to Australia, you must ensure that:\nWe may then send you a travel facilitation letter. This will state that we allow you to enter Australia after the first entry arrival date on your visa.\nWe will not issue a travel facilitation letter unless there is less than 3 months remaining on your first entry arrival date.\nAll people arriving into Australia must complete the Incoming Passenger Card.\nWe have an automated process that uses facial recognition technology and your ePassport. You might be able to leave the airport faster if you use SmartGate.\nYou and your family members must meet all visa conditions and obey Australian laws.\nYou can check visa details and conditions in VEVO.\nThings you might need to let us know about include:\nSee how to let us know if there is a change in your situation.\nSee your visa expiry, conditions and work and study entitlements in VEVO.\nYou can stay in Australia for 2 years.\nTo see when you must leave, use VEVO.\nIf you want to stay in Australia permanently, you can apply for a Contributory Parent visa (subclass 143) before your subclass 173 visa expires. In exceptional circumstances we might allow you to apply for the subclass 143 visa after this. Contact the Parent Visa Centre at the Perth office in Western Australia at the address on the application form or by email.\nYou can travel outside Australia and return as many times as you want while this visa is valid.\nSee your visa conditions.\nTo prove you have a visa and show your conditions to someone, use VEVO.\nYou can request your international movement records by completing Form 1359 - Request for international movement records.\nThis visa enables you to work in Australia. You are protected by Australian workplace law. See your workplace rights and entitlements.\nYou must have a valid passport or other travel document to leave Australia.\nWe have an automated process that uses facial recognition technology and your ePassport. You might be able to leave the airport faster if you use SmartGate."
}