{
    "visaID": "visa3.18.1",
    "visaType": "visa3.18",
    "visaName": "Partner (Provisional) visa",
    "link_crawl": "https://immi.homeaffairs.gov.au/visas/getting-a-visa/visa-listing/partner-offshore/provisional-309",
    "content": "\n1. Subclass 309\n2. Partner (Provisional) visa\n3. For Applicants\n4. For Sponsors\nTemporarily until your permanent Partner visa (subclass 100) application is finalised or you withdraw your application.\nFrom AUD9,095.00\nFor an indication of processing times for this visa, use the visa processing time guide tool. This will show the processing times for recently decided applications. It is a guide only and not specific to your application.\nThe Department continues to prioritise aged, and compassionate and compelling applications. This is reflected in current processing times.\nSee all conditions\nIf you are getting help with your visa, before you pay someone, read information on Who can help with your visa application.\nApply\n5. With this visa you can\n6. How long you can stay\nYou can stay in Australia until your permanent Partner visa (subclass 100) application is finalised or you withdraw your application.\nFor information on processing times for the permanent stage see Partner (Migrant) visa (subclass 100).\n7. Include family members\nYou can include members of the family unit in your application:\nFamily members who apply with you must:\nFamily members who are not coming to Australia might also have to meet our health and character requirement.\nFor information on what to do if your child is born after you apply see You had a baby.\n8. Cost\nThe costs below cover this Temporary visa and the Permanent Partner visa (subclass 100).\nAUD9,095.00 for the main applicant.\nThere is also a fee for each family member who applies for the visa with you.\nWe cannot process your application if you do not pay the correct visa application charge.\nYou might also have to pay other costs for health checks, police certificates and biometrics.\nTo work out how much your visa will cost, including adding additional family members, use the Visa pricing estimator.\nThe estimator does not take into account the costs for health checks, police certificates and biometrics.\n9. Apply for this visa\nYou must be outside Australia when you apply for this visa. Family who apply with you must also be outside Australia.\n10. Your obligations\nYou and your family members must meet all visa conditions and obey Australian laws.\nSee what conditions might be attached to this visa on our visa conditions page\nIf you are outside Australia at the time of visa grant, you must enter Australia before the first entry arrival date (initial arrival date) specified in your grant letter.\n11. Adequate health insurance\nDepending on your circumstances, you may be eligible to access Australia’s public health care system, Medicare, while you await a decision on your visa application. For more information see Medicare.\nIf you are not eligible for Medicare, we recommend you take out health insurance to cover any unforeseen medical treatment you might need in Australia. Otherwise, you will be personally liable for all your healthcare costs while you are in Australia. Insurance can help limit your financial liability. For more information, see Adequate health insurance.\nLearn more about health insurance for overseas visitors.\nReciprocal healthcare agreements\nSome countries have a reciprocal healthcare agreement with Australia. Find out more from Services Australia about reciprocal health care agreement.\nPrivate health insurance\nYou can get Australian residents' private health insurance if you have:\n12. Travel\nYou can travel to and from Australia as many times as you want while you hold this visa.\nIf you are outside Australia at the time of visa grant, you must enter Australia before the first entry arrival date (initial arrival date) specified in your grant letter.\n13. Visa label\nWe will digitally link your visa to your passport. You will not get a label in your passport.\n14. Frequently asked questions\nYou can find the answers to common questions about this visa at Partner Program Frequently Asked Questions (FAQs).\nWe will consider your immigration history when we make a decision on your application, which means you might not be eligible for this visa if you have had a visa cancelled or refused.\nIn some circumstances you may still apply for a permanent visa if you have had a visa cancelled or an application refused, see Can I go to Australia.\nIf you want immigration assistance, see Who can help with your visa application.\nYou must be outside Australia when you apply for this visa. Family who apply with you must also be outside Australia.\nYou and anyone who applies for the visa with you must have a sponsor when you lodge your application and when you are on this visa.\nYour sponsor is usually your partner.\nWe must approve your sponsor.\nYou cannot change your sponsor. The person who sponsors you when you apply for the visa must be same person who sponsors you for 2 years after we grant your temporary partner visa (subclass 309).\nMarried applicants must usually be 18 or older when they apply. This is because usually, you must be 18 or older to be married under Australian law.\nApplicants in de facto relationships must be 18 or older when they apply.\nIn most cases, you must be the spouse or de facto partner of an:\nThis applies when you make your application and when your application is being decided.\nYour relationship can be with someone of the same or different sex.\nIf you are experiencing domestic and family violence, we may be able to help you. You can apply for consideration to be granted your temporary and permanent visa. For more information, see Family Violence Provisions.\nFor more information see Changes in your situation.\nYou are a married applicant if your marriage is valid under Australian law and:\nTo find out if your marriage is valid under Australian law, contact the relevant state or territory agency for births, deaths and marriages.\nTo be a de facto partner, you must be in a de facto relationship.\nYou and your partner are in a de facto relationship if:\nUsually you must be in your de facto relationship for at least 12 months immediately before you apply for this visa. Time spent dating or in an online relationship might not count as being in a de facto relationship.\nThe 12-month requirement will not apply if you can show us compelling and compassionate circumstances exist for you to be granted the provisional Partner visa (subclass 309).\nThe 12-month requirement also will not apply if:\nIt also will not apply if:\nYou and any family members who apply for the visa with you must meet our health requirement. We might ask for health information about family not coming to Australia with you.\nYou and family members aged 16 years and over who apply for the visa with you must meet our character requirement. We might ask for character information about family not coming to Australia with you.\nIf you or any family members owe the Australian Government money, you or they must pay it back or arrange to pay it back.\nThis may include family members who do not accompany you to Australia.\nYou and any family members who apply with you who are 18 years of age or older, must:\nWe might not grant this visa if it is not in the best interests of an applicant under 18.\nThere are things you need to know and might need to do before you apply.\nYou can appoint anyone to receive correspondence relating to your visa application.\nTo appoint someone to receive your correspondence, use Form 956A Appointment or withdrawal of an authorised recipient (301KB PDF)\nAfter you have attached the form to ImmiAccount, let us know by using the Partner Processing Enquiry Form.\nIf you need help with your application, you can appoint someone to give you immigration assistance. A person who gives you immigration assistance can:\nWe treat any correspondence they send as if it came from you.\nIf you appoint someone to give you immigration assistance they must be:\nTo appoint someone to provide immigration assistance, use Form 956 Appointment of a registered migration agent, legal practitioner or exempt person (225KB PDF).\nAfter you have attached the form to ImmiAccount, let us know by using the Partner Processing Enquiry Form.\nFor more information, see who can help you with your application.\nYou should provide all required information with your application, or as soon as possible after you apply. Applications with all required information reduce processing delays.\nYou have the option to obtain your police certificates before you apply. However, for immigration purposes, police certificates are valid for 12 months from the issue date.\nIf more than 15 months has passed since your National Police certificate (NPC) was issued by the Australian Federal Police (AFP), new checks will be required to progress your application.\nEnsure that all information you provide is accurate. As a visa applicant, you must prove your identity and provide true information with your application. For more information see Providing accurate information.\nProvide a birth certificate showing the names of both parents.\nIf you cannot provide this, provide the identification page for one of the following:\nAlso provide:\nYou need to provide evidence of:\nYou need to provide evidence of your relationship with your partner. This evidence must show that:\nRelationship history\nTell us in writing about:\nRelationship documents\nIf you are married, provide your marriage certificate or other evidence that your marriage is valid in Australia.\nIf you are a de facto partner, you need to provide evidence of your de facto relationship.\nEvidence of your de facto relationship\nIn addition to documents proving your relationship, show us you have been in your de facto relationship for at least 12 months before you applied for this visa.\nIf you haven't been with your de facto partner for 12 months, you can:\nFinances\nEvidence you and your partner share financial matters. Evidence can include:\nYour household\nEvidence you and your partner share domestic matters. Evidence can include:\nSocial matters\nEvidence that others know about your relationship.\nYou must provide statements from 2 witnesses who:\nStatements from witnesses can be done by completing Form 888 – Supporting statement in relation to a Partner or Prospective Marriage visa application (241KB PDF).\nIf the witness is an Australian citizen or permanent resident, provide evidence of this such as a passport or birth certificate.\nEvidence can also include:\nCommitment\nEvidence you are committed to a long-term relationship with each other. Evidence must show that you:\nYou can also provide the terms of your wills as evidence.\nIf you have previously been married, widowed, divorced or permanently separated, provide divorce documents, death certificates, separation documents or statutory declarations.\nFor members of the family unit under 18 years old who are applying with you, provide:\nParental responsibility documents\nYou must get consent for any applicant under 18 years of age to migrate to Australia from anyone who:\nThey must complete:\nInclude:\nAlternatively, you can show us:\nTo include members of the family unit who are over 18 in your visa application, they must be:\nProvide:\nYou must also provide evidence the child is dependent on you. This includes:\nIf the child is aged 23 or is likely to turn 23 while your application is being processed, you must also provide a report from a qualified medical practitioner that states they are dependent on you or your partner due to the total or partial loss of their bodily or mental functions.\nTranslate\nHave all documents translated into English.\nProvide original and translated documents in your application.\nTranslators in Australia must be accredited by the National Accreditation Authority for Translators and Interpreters.\nTranslators outside Australia do not have to be accredited. On each translation, they must include their:\nThese details must be in English.\nScan or photograph\nScan or photograph all documents (English and non-English) in colour.\nThe scans and photos must be clear enough to read.\nIf a document is more than one page, save it all as one file.\nYou do not need to have any documents certified.\nYou must apply:\nWe cannot process your application if you do not pay the correct visa application charge.\nTo find information for how to apply as a sponsor, click on the “Personalise this page..” toggle above to view this information.\nThe partner visa application form will ask you for your own phone number and email address. It is important to provide your own contact details in case we need to contact you directly about your application.\nAttach a document only once, even if you are using it to show more than one thing.\nClearly label your documents.\nKeep a copy of your completed application.\nYou can attach up to 100 documents for each person on your application.\nThe attachment limit cannot be increased.\nIf you reach the attachment limit for an applicant, you can attach more documents to other clients on the application.\nFor more information see Applying online in ImmiAccount.\nYou can find the answers to common questions about this visa at Partner Program Frequently Asked Questions (FAQs).\nWe will let you know when we have received your application.\nYou need to have health examinations.\nTo organise your health examinations, see What health examinations you need.\nThe results of your health assessment are valid for 12 months from the time you completed your examinations. If we ask you to sign a health undertaking, this will be valid for 6 months.\nFor more information on health requirements see Health.\nIf you have spent a total of 12 months or more in Australia in the last 10 years (since you turned 16), you must provide an Australian police certificate.\nWe only accept complete disclosure National Police Certificates issued by the Australian Federal Police. We do not accept standard disclosure certificates or national police certificates issued by Australian state or territory police.\nTo get an Australian police certificate see National Police Checks.\nAlso provide:\nFor immigration purposes, police certificates are valid for 12 months from the issue date.\nTo get an overseas police certificate, see Offices and locations.\nComplete and attach to your application Form 80 Personal particulars for assessment including character assessment (596KB PDF).\nTo help ensure your application is processed as quickly as possible, attach all necessary supporting documents to your application. The checklist provided on ImmiAccount will help in making sure you include all required documents in your application.\nIf your application is within standard processing times do not contact us. We cannot provide any further updates on your application's progress. You can see if we have asked for more information in your ImmiAccount.\nTo see standard processing times for this visa see Global processing times.\nYou can find the answers to common questions about this visa at Partner Program Frequently Asked Questions (FAQs).\nDo not arrange to travel to Australia on this visa until we let you know, in writing, that we have granted you the subclass 309 visa.\nWe might ask for biometrics. We will tell you if you need to provide biometrics.\nIf you did not attach all documents when you applied, attach them in ImmiAccount as soon as you can.\nWe might ask you to provide more information, however we are not obliged to do so and may make a decision on your application without requesting more documents.\nFor more information on attaching documents in ImmiAccount see Applying online in ImmiAccount.\nIf you are unable to upload the relevant documents to your application in ImmiAccount, you need to contact us using the Partner Processing Enquiry Form.\nYou can add a dependent child to your application before we decide your visa. Your child must be outside Australia.\nComplete and attach to your ImmiAccount Form 1436 - Adding an additional applicant after lodgement (481KB PDF).\nAfter you have attached the form, let us know by using the Partner Processing Enquiry Form.\nWe can grant your child the subclass 309 visa if they are a member of the family unit and meet all other criteria for grant.\nNewborn Children\nIf you have a baby, you will need to let us know.\nFor more information, see You had a baby.\nTell us if things change after you apply but before we have made a decision.\nThings you need to let us know about include:\nFor more information, see Change in your situation.\nIf you are unable to upload the relevant documents to your application in ImmiAccount, you need to contact us using the Partner Processing Enquiry Form.\nDepending on your situation you may need to complete the Notification of Relationship Cessation form in ImmiAccount. To confirm, check Your relationship has changed.\nIf you do not have access to ImmiAccount, you can notify us using the Partner Processing Enquiry Form.\nYou may still be eligible for a temporary and permanent visa if your relationship ends or your partner dies. All information you provide is confidential.\nIf you are experiencing domestic and family violence, we may be able to help you. You may still be eligible for the grant of your temporary and permanent visa if you have entered Australia since lodging your application. For more information, see Family Violence Provisions.\nIf you travel to Australia on a different visa while this visa application is in progress, you are responsible for ensuring that you continue to hold a valid visa for the duration of your stay.\nLet us know if you no longer want someone to:\nAfter you have attached the form to ImmiAccount, let us know by using the Partner Processing Enquiry Form.\nFor more information see Who can help you with your application.\nLet us know as soon as you can if you have made a mistake on your application.\nFor more information see After you apply\nIf you are unable to update your application in ImmiAccount, you need to contact us using the Partner Processing Enquiry Form.\nYou can be in or outside Australia when we decide on your temporary visa application.\nIf your relationship ends or your partner dies, you may still be eligible for a temporary and permanent visa. For more information, see Your relationship has changed.\nWe will tell you our decision in writing. Keep a copy of the decision.\nIf we grant your visa, we will tell you:\nIf we refuse your visa, we will tell you:\nWe will not refund the application fee if we refuse your application.\nYou can stay until we make a decision about your permanent Partner visa (subclass 100) or you withdraw that application.\nYou and your family members must meet all visa conditions and obey Australian laws.\nUse VEVO to check visa details and conditions.\nIf you are outside Australia at the time of visa grant, you must enter Australia before the first entry arrival date (initial arrival date) specified in your grant letter.\nIf the date has passed or will pass before you can travel to Australia, you must ensure that you:\nWe may then send you a travel facilitation letter to state that you can enter Australia after the first entry arrival date of your visa.\nWe will not issue a travel facilitation letter unless there is less than 3 months remaining on your first entry arrival date.\nYou can travel to and from Australia as many times as you want.\nIf you are outside Australia at the time of visa grant, you must enter Australia before the first entry arrival date (initial arrival date) specified in your grant letter.\nIf an immigration officer processes your clearance at our border, we recommend you tell them:\nIf you do not tell them, you might be granted the 444 visa. Grant of a subclass 444 visa will override your temporary Partner visa. This means you will not be eligible for the permanent Partner visa (subclass 100).\nTo prove you have a visa and show your conditions to someone, use VEVO.\nAustralian visas are digital. We do not put a visa label in your passport. Instead, we link your digital visa record to your passport.\nYour visa number is contained in your visa grant letter. Use this number to access your digital visa record in VEVO.\nYour digital visa record is also used by:\nWith this visa you will have full work rights and are protected by Australian workplace law. See your workplace rights and entitlements.\nWith this visa you will be able to study in Australia. However you will not receive any government support and any study costs will be at your own expense.\nYou might have to wait to access certain Australian Government payments and benefits. Learn more about newly arrived residents' waiting periods from Services Australia.\nYou cannot add family members to your visa application after we grant the Partner (Provisional) visa subclass 309.\nTo include a dependent child in your permanent visa application after we have granted you a subclass 309 visa, but before we have finalised your permanent Partner visa (subclass 100), your child must first apply for Dependent child visa (subclass 445).\nOnce your child holds a Dependent child visa (subclass 445), you can include them in your permanent Partner visa application. Your child can be in or outside Australia and must be members of the family unit.\nComplete and attach to your application in ImmiAccount Form 1002 - Application by a subclass 445 dependent child for a permanent partner visa (279KB PDF).\nAfter you have attached the form to ImmiAccount, let us know by using the Partner Processing Enquiry Form.\nNewborn children\nIf you have a baby after you have been granted this visa, you will need to let us know. For more information, see You had a baby.\nAfter you have attached the form to ImmiAccount, let us know by using the Partner Processing Enquiry Form.\nThings you need to let us know about include:\nSee what to do if there is a change in your situation.\nIf you do not have access to ImmiAccount you can let us know by us completing the Partner Processing Enquiry Form.\nDepending on your situation you may need to complete the Notification of Relationship Cessation form in ImmiAccount. To confirm, check Your relationship has changed.\nIf you do not have access to ImmiAccount, you can notify us using the Partner Processing Enquiry Form.\nYou may still be eligible for the permanent visa if your relationship ends or your partner dies. All information you provide is confidential.\nIf you are experiencing domestic and family violence, we may be able to help you. You may still be eligible for the grant of your permanent visa. For more information, see Family Violence Provisions.\nTo get the permanent Partner visa (subclass 100), you must hold this subclass 309 visa or the Dependent child visa (subclass 445). If you are granted any other visa, you will no longer be eligible for the grant of the permanent Partner visa (subclass 100).\nYou are eligible for consideration of a permanent Partner visa two years after you first applied the combined temporary and permanent partner visas.\nWhen we assess you for the permanent visa, you will need to provide additional documents.\nFor more information see Partner visa (subclass 100)."
}