{
    "visaID": "visa7.24",
    "visaType": "visa7",
    "visaName": "Skilled Designated Area Sponsored visa (subclass 496)",
    "link_crawl": "https://immi.homeaffairs.gov.au/visas/getting-a-visa/visa-listing/repealed-visas/skilled-designated-area-sponsored-visa-subclass-496",
    "content": "Skilled — Designated Area Sponsored visa (subclass 496)The Skilled Designated Area Sponsored visa (subclass 496) closed to new applications on 1 September 2007. You might be able to get the Skilled — Regional (Provisional) visa (subclass 489).\nMembers of your family unit might be able to get the Skilled — Regional (Provisional) visa (subclass 489) if you already hold this visa and they want to join you in Australia\n1. Visa applicants\n​If information needs to be updated, contact the Adelaide General Skilled Migration (GSM) processing centre.​​\n2. Visa holders\nYou can use  Visa Entitlement Verification Online (VEVO) for free to check your visa details and entitlements.\nThis visa is valid for four years after you first enter Australia.\nThis visa allows you and your dependent family members who also hold a subclass 496 visa to:\nYou cannot access Medicare, family assistance or social security benefits.\nYou and your family must comply with all visa conditions and Australian laws.\nYou must tell us if your circumstances change.  This includes a new residential address, a new passport, or a pregnancy, birth, divorce, separation, marriage, de facto relationship or death in your family.\nPlease report changes in your circumstances via ImmiAccount.  If you are not able to use ImmiAccount, you can use the following forms:\nIf you do not provide us with the details of any new passport issued to you, you could experience significant delays at the airport and may be denied permission to board your plane."
}