{
    "visaID": "visa1.6.1",
    "visaType": "visa1.6",
    "visaName": "First Working Holiday visa",
    "link_crawl": "https://immi.homeaffairs.gov.au/visas/getting-a-visa/visa-listing/work-holiday-417/first-working-holiday-417",
    "content": "\n1. Working Holiday visa (subclass 417)\n2. First Working Holiday visa\n12 months\nAUD650.00\nFor an indication of processing times for this visa, use the visa processing time guide tool. This will show the processing times for recently decided applications. It is a guide only and not specific to your application.\nYour application may take longer to process than the times shown in the guide due to the number of Working Holiday visa applications we receive. Do not arrange travel to Australia before we tell you in writing that we have granted your visa.\nSee all conditions\nSee the Working Holiday Maker program\nIf you are getting help with your visa, before you pay someone, read information on Who can help with your visa application.\nApply\n3. With this visa you can\nYou can do any kind of work on this visa.\nUsually, you can only work for the same employer for 6 months.\nIf the main purpose of your stay is to work, consider a work visa. Explore visa options.\nYou can study for up to 4 months (17 weeks).\nIf the main purpose of your stay is to study, consider a Student visa.\n4. How long you can stay\nThis is a temporary visa. You must enter Australia within 12 months of the date we grant it. We will not extend or defer this timeframe.\nThe visa's period of stay starts on the date you enter Australia. Once you have entered, you can:\nPlease Note:\nYour Working Holiday visa starts on the date you enter or transit through Australia even if you hold any other temporary visa including:\nIt is important that you only apply for a Working Holiday visa once you are ready to enter Australia on that visa. Once we grant your Working Holiday visa and you travel to Australia and are immigration cleared at the border, the 12-month visa period of stay will automatically start upon entry, regardless of the purpose of your visit.\n5. Stay longer\nYou can't stay in Australia longer by extending this visa. If you want to stay in Australia longer, apply for another visa.\nExplore your visa options to stay longer in Australia.\nYou could apply for a second Working Holiday visa if you are eligible.\nThe total time you will be permitted to stay on your first Working Holiday visa and then a Visitor visa is 12 consecutive months.\nIf you want to apply for a Visitor visa to stay longer in Australia and the Visitor visa would result in you staying longer than 12 consecutive months in Australia, you must show there are exceptional circumstances.\nFor this visa, exceptional circumstances might be that a close family member in Australia has died or is seriously ill and you are required to stay in Australia to provide assistance or support.\n6. Include family\nYou can't include family members in your application.\nYou can't be accompanied by dependent children while you are in Australia on this visa.\n7. Cost\nAUD650.00\nYou might also have to pay for health checks, police certificates and biometrics.\n8. Apply from\nYou must be outside Australia when you apply for this visa and when we decide your application.\n9. Processing times\nFor an indication of processing times for this visa, use the visa processing time guide tool. This will show the processing times for recently decided applications. It is a guide only and not specific to your application.\nYour application might take longer to process if:\n10. Your obligations\nYou must comply with all visa conditions and Australian laws.\nLearn more about conditions for this visa.\nYou must pay taxes when you work in Australia on this visa.\nAustralia has compulsory superannuation - a retirement savings scheme. Your employer must pay superannuation into your superannuation fund if you earn over a certain amount.\nYou can access your superannuation when you leave Australia.\n11. Health insurance\nWe strongly recommend you take out health insurance to cover any unforeseen medical treatment you might need in Australia. You are personally liable for all your healthcare costs while you are in Australia. Insurance can help limit your financial liability.\nSee what we consider adequate health insurance.\nLearn more about health insurance for overseas visitors.\nSome countries have a reciprocal healthcare agreement with Australia. Find out more from Services Australia about reciprocal healthcare agreements.\n12. Travel\nYou can travel outside Australia and return as many times as you want while the visa is in effect.\nTime you spend outside Australia after your first entry does not extend the visa's 12-month period of stay in Australia.\n13. Visa record\nWe will digitally link your visa to your passport. You will not get a label in your passport.\nYou must be a citizen of and hold a valid passport from one of these countries/jurisdictions:\nAt the time of application, you must be within the eligible age limit for your passport country:\nIf you apply for the visa while you are 30 (or 35), but turn 31 (or 36) before we have made a decision, we can still grant you the visa if you meet all other requirements.\nYou must not have previously entered Australia on a:\nYou must have enough money to:\nThis is usually about AUD5,000 for your initial stay, plus the fare to where you are going after leaving Australia.\nYou must meet our health requirement.\nYou must meet our character requirement.\nIf you or any family members (including those who don't apply for the visa with you) owe the Australian government money, you or they must have paid it back or arranged to pay it back.\nWe will consider your immigration history when we make a decision on your application, which means you might not be eligible for this visa if you have had a visa cancelled or refused.\nIn some circumstances you may still apply for a permanent visa if you have had a visa cancelled or an application refused see Limitations on applications in Australia.\nIf applying for a visa from outside Australia see Can I go to Australia.\nIf you want immigration assistance, see Who can help with your visa application.\nYou must acknowledge the Australian Values Statement that confirms you will respect the Australian way of life and obey Australian laws when you apply for the visa.​\nYou can organise health exams or appoint someone to help you with your application.\nYou might need to have health examinations. You can complete them before you apply or you can wait until we tell you to have them.\nFind out the examinations you need and how to arrange them if you want to have them before you apply.\nOnly some people can help you with your application. If you appoint someone to give you immigration assistance they must be:\nYou can appoint anyone to receive documents on your behalf relating to your visa matter.\nProvide accurate information. See what happens if you can't prove your identity or don't provide true information.\nProvide the pages of your current passport showing your photo, personal details, and passport issue and expiry dates.\nAlso provide a copy of your birth certificate showing both your parents’ names. If you don’t have a birth certificate and you can’t get one, provide a copy of the identification pages of one of these:\nIf you have changed your name, provide proof such as:\nProvide evidence you have enough money for your stay in Australia. This is usually AUD5,000.\nYou must also show us you have enough money to buy a ticket to leave Australia at the end of your stay, or that you already have the ticket.\nIf you don’t attach evidence to your application, processing may be delayed if we need to contact you to request further information.\nWe might ask you to provide:\nWe will let you know if you need to give us these documents.\nTo nominate someone to:\nUpload your written notification or your forms to ImmiAccount.\nHave all non-English documents translated into English.\nProvide original and translated documents in your application.\nTranslators in Australia must be accredited by the National Accreditation Authority for Translators and Interpreters.\nTranslators outside Australia do not have to be accredited. But on each translation, they must include their:\nThese details must be in English.\nNote: You do not need to have any documents certified.\nScan or photograph all documents (English and non-English) in colour.\nThe scans and photos must be clear.\nIf a document is more than one page, save it all as one file.\nAttach a document only once, even if you are using it to show more than one thing.\nLearn more about attaching documents.\nProvide accurate information. See what happens if you can't prove your identity or don't provide true information.\nApplicants with dependent children\nYou can’t apply online if you are the parent of a child under the age of 18.\nWorking Holiday visa holders cannot be accompanied by dependent children at any time during their stay in Australia. While it is possible to obtain a Working Holiday visa if you have a child, your child cannot join you in Australia at any time while you are on your Working Holiday visa – not even for one day.\nSee what you can and must do after you apply.\nWe will let you know when we have received your application.\nDo not arrange to travel to Australia until we let you know, in writing, that we have granted you the visa\nWe might ask for biometrics. We will let you know if you need to provide them.\nIf you didn't have health examinations before you applied, we will let you know if you need them.\nIf you didn't attach all documents when you applied, attach them via ImmiAccount as soon as you can.\nWe might also ask you to provide more information.\nLet us know as soon as you can if you made a mistake on your application.\nComplete Form 1023 Notification of incorrect answers (168KB PDF) and attach it in ImmiAccount.\nLet us know if you no longer want someone to:\nUpload your written notification or your forms to ImmiAccount.\nFor more information, see Who can help you with your application.\nTell us if things change after you lodge your application but before we have made a decision.\nThings you need to let us know about include:\nWe will let you know our decision in writing.\nIf we grant your visa, we will tell you:\nKeep a copy of the decision notification with you when in Australia.\nIf we refuse your visa, we will tell you:\nIt is very important that you only apply for a Working Holiday visa once you are ready to enter Australia on that visa. Once we grant your Working Holiday visa, you can use the visa to enter Australia.\nAfter you have been granted your Working Holiday Visa, you do not need to apply for another visa, such as an eVisitor (subclass 651), a Transit (subclass 771), or an Electronic Travel Authority (ETA) (subclass 601) visa to enter Australia.\nIf you apply for and are granted another visa (such as subclass 651 or 771 visa) after the grant of your Working Holiday visa, your Working Holiday visa (and related work rights) will cease on the date that visa is granted.\nIf your first Working Holiday visa ceased due to the grant of another visa, such as an eVisitor or Transit visa, and you entered Australia on that other visa, you will not be able to apply for another first Working Holiday visa while you are in Australia.\nIf you enter Australia after the grant of your Working Holiday visa, the 12-month period of stay on your visa will automatically start on that day. The Working Holiday visa period will start regardless of the purpose of your visit, even if you:\nor\nCompleting an Incoming Passenger Card\nAll people arriving in Australia must complete the Incoming Passenger Card. You will be given this card on board.\nLeaving the airport faster\nWe have an automated process that uses facial recognition technology and your ePassport, if you have one. You may be able to leave the airport faster if you use SmartGate.\nYou can study for up to 4 months (17 weeks).\nTo see your study entitlements use VEVO.\nUsually, you can only work for the same employer for 6 months.\nTo see your work entitlements use VEVO.\nYou must pay taxes when you work.\nYou are protected by Australian workplace law. See your workplace rights and entitlements.\nIf you earn over a certain amount, your employer must pay superannuation into your superannuation fund. Australia has compulsory superannuation - a retirement savings scheme.\nWhen you leave Australia, you can access your superannuation.\nTo see your conditions for work, use VEVO.\nYou can travel outside Australia and return as many times as you want while the visa is in effect.\nTime spent outside Australia after the visa starts does not extend the visa.\nThis is a temporary visa. You must enter Australia within 12 months of the date we grant it.\nThe visa starts on the date you enter Australia. Once you have entered and the visa stay period starts, you can:\nTo see when you must leave, use VEVO.\nYou can't stay in Australia longer by extending this visa.\nYou must apply for a new visa if you want to stay longer.\nYou could apply for a second Working Holiday visa if you are eligible.\nSee your visa options.\nYou must meet all visa conditions and obey Australian laws.\nSee your conditions in your visa grant letter or VEVO.\nTo prove you have a visa and show your conditions to someone, use VEVO.\nRequest your international movement records to get proof of your travel in and out of Australia.\nThings you need to let us know about include:\nSee how to tell us if your situation changes.\nCheck your travel documents.\nYou must have a valid passport or other travel document to leave Australia. See what to do if your visa has expired or is about to expire.\nDepartures SmartGate\n\nWe have an automated process that uses facial recognition technology and your ePassport, if you have one. You may be able to leave the airport faster if you use SmartGate.\nGetting your superannuation\nYou are likely to have some money in a superannuation fund if you worked in Australia and you are:\nSee how to access your super.\nProving you have been to Australia\nRequest your international movement records to get proof of your travel in and out of Australia."
}