{
    "visaID": "visa7.16",
    "visaType": "visa7",
    "visaName": "Labour Agreement visa (subclass 120)",
    "link_crawl": "https://immi.homeaffairs.gov.au/visas/getting-a-visa/visa-listing/repealed-visas/labour-agreement-visa-(subclass-120)",
    "content": "Labour Agreement visa (subclass 120)The Labour Agreement visa (subclass 120) closed to new applications on 1 July 2012. You cannot get this visa. You might be able to apply for the Employer Nomination Scheme (subclass 186).\n1. Visa holders\nThis is a permanent residence visa. It lets you and any member of your family unit who has also been granted this visa:\nYou must enter Australia by the date specified in the notification of grant letter.\nYou do not have to work for the employer who nominated you, but you must comply with any obligations under your employment contracts or industrial laws that require you to give your employer an appropriate period of notice before you stop working for that employer.\nYour employer must:\nSee also: Workplace rights for all visa holders working in Australia"
}