{
    "visaID": "visa6.4.1",
    "visaType": "visa6.4",
    "visaName": "Bridging visa E (BVE)",
    "link_crawl": "https://immi.homeaffairs.gov.au/visas/getting-a-visa/visa-listing/bridging-visa-e-050-051/subclass-050",
    "content": "\n1. Subclass (050)\n2. Bridging visa E (BVE)\nTemporarily\nFor an indication of processing times for this visa, use the visa processing time guide tool. This will show the processing times for recently decided applications. It is a guide only and not specific to your application.\nSee all conditions\nIf you are getting help with your visa, before you pay someone, read information on Who can help with your visa application.\n3. Types of bridging visas\nYou can stay in Australia lawfully while you finalise your immigration matter or make arrangements to leave Australia.\nThere are two types of BVEs:\n4. With this visa you can\nYou can stay in Australia if:\nYou must be an unlawful non-citizen, the holder of a BVE (subclass 050) or the holder of a Bridging D visa (BVD) (subclass 041) when you apply for this visa.\nYour grant letter will tell you if you are allowed to work. If you work when you are not allowed to, we can cancel your BVE and detain you. You could also be removed from Australia.\nIf you are not allowed to work, there are only some situations where you might be able to apply for a new BVE that does allow you to work. For example, you might be in financial hardship if you cannot pay for the reasonable cost of your living expenses.\nWe will assess your situation to see if you meet the requirements. If you do not meet the requirements we will not grant you a new BVE that allows you to work.\nThere are different requirements, depending on whether you have applied for judicial review or ministerial intervention. There are also special rules for when protection visa applicants are allowed to work.\n5. How long you can stay\nThis visa is valid until a specified date, or for a particular time period, or a specified event happens.\nYour BVE will also end if:\n6. Stay longer\nYou cannot stay in Australia longer by extending this visa. If you are unable depart Australia or resolve your immigration matter by a specified time or event, you will need to apply for a new BVE or explore other visa options.\nExplore your visa options.\n7. Cost\nThere is no fee for a BVE application.\n8. Apply from\nYou and anyone included in your application must be in Australia when the BVE application is lodged and  in order to be granted the BVE, you and anyone else included in your application will need to be in Australia when the decision is made.\n9. Processing times\nFor an indication of processing times for this visa, use the visa processing time guide tool. This will show the processing times for recently decided applications. It is a guide only and not specific to your application.\nYour application can take longer to process if:\n10. Your obligations\nYou and anyone included in your application must:\n11. Travel\nA BVE allows you to stay in Australia lawfully for a short time. It will end immediately if you leave Australia. You will not be able to return unless you have another substantive visa.\nA substantive visa is any visa that is not a bridging visa or a criminal justice visa or an enforcement visa.\n12. Visa label\nWe will digitally link your visa to your passport. You will not get a label in your passport.\nYou must be an unlawful non-citizen, the holder of a BVE (subclass 050) or the holder of a Bridging visa D (BVD) (subclass 041), when you apply for this visa, and 1 of the following must apply to you:\nYou must be making arrangements to depart Australia.\nYou must be applying for a substantive visa.\nYou must be seeking merits or judicial review of a visa decision or citizenship decision, or be seeking ministerial intervention.\nYou can be any age to apply for this visa. If you are under 18 years of age please apply on an application with your parent/guardian.\nYou must meet our character requirement.\nWe might also ask that other family members meet the requirement.\nCheck if visa cancellation affects your eligibility.\nA BVE application cannot be made in anticipation of becoming unlawful. You must be an unlawful non-citizen, BVE holder or BVD holder. If your substantive visa is still in effect, look at other visa options first and only apply for a BVE once your substantive visa has expired.\nIn some cases, when you make a valid application for a substantive visa in Australia, you will also have applied for a BVE. We will tell you if this happens. In this case, you do not need to lodge a separate application.\nYou should read about this visa, understand what it lets you do and the eligibility criteria first.\nOnly some people can help you with your application. If you appoint someone to give you immigration assistance they must be:\nYou can appoint anyone to receive documents on your behalf relating to your visa matter.\nGather the documents you need for your application.\nProvide accurate information. See what happens if you cannot prove your identity or do not provide true information.\nProvide colour copies of the pages of your current passport showing your photo, personal details, and passport issue and expiry dates.\nAlso provide:\nDocuments that prove a change of name include:\nProvide documents to support your application for the visa.\nInclude details of any immigration matters you are awaiting the outcome of, including:\nOr, if you are applying for the visa because you are arranging your departure from Australia, provide details of:\nWe will tell you if and when you need to get a police certificate.\nTo nominate someone to:\nUpload your written notification or your forms to ImmiAccount if you applied online, or send with your paper application.\nHave all non-English documents translated into English.\nTranslators in Australia must be accredited by the National Accreditation Authority for Translators and Interpreters.\nTranslators outside Australia do not have to be accredited. But on each translation, they must include their:\nThese details must be in English.\nNote: You do not need to have any documents certified.\nScan or photograph all documents (English and non-English) in colour.\nThe scans and photos must be clear.\nIf a document is more than 1 page, save it all as 1 file.\nKeep a copy of your completed application.\nThe preferred method is to apply online.\nYou and anyone included in your application must be in Australia when you lodge the BVE application.\nYou can apply for a BVE if you do not already have an undecided BVE application.\nApply for BVE\nProvide accurate information. See what happens if you cannot prove your identity or do not provide true information.\nComplete Form 1008 Application for Bridging visa E - subclass 050 (333KB PDF).\nSend your paper application by post to the Australian Visa and Citizenship Office nearest to you, as you might need to attend an interview as part of the application process.\nSee what you can and must do after you apply.\nWe will let you know when we have received your application and documents.\nWe can't give updates on applications.\nWait for us to contact you.\nA BVE lets you temporarily stay in Australia. It will end when you leave Australia. If you travel outside Australia after you apply for a BVE, you need a visa to return.\nBut, in order to be granted this visa, you and anyone included in your application must be in Australia when we make a decision.\nLearn about visa expiry.\nWe will let you know if you need health examinations.\nWe might ask for biometrics (fingerprints and photo). We will let you know if you need to provide them.\nIf you did not attach all documents when you applied, attach them as soon as possible in ImmiAccount.\nIf you applied on paper, send the documents to the office where you lodged the application.\nWe might also ask you to provide more information.\nLet us know as soon as you can if you made a mistake on your application.\nComplete Form 1023 Notification of incorrect answers (168KB PDF).\nLet us know if you no longer want someone to:\nUpload your written notification or your forms to ImmiAccount if you applied online, or send to the office where you submitted your application.\nFor more information see Who can help you with your application.\nThings you need to let us know about after you have applied include:\nSee how to tell us if your situation changes.\nWe will tell you when we make a decision about your visa application in writing.\nIn order to be granted a BVE, you and anyone included in your application must be in Australia when we make a decision.\nWe will let you know in writing our decision about your visa application. If we grant you a BVE, the notification letter will tell you:\nKeep a copy of the letter with you when in Australia.\nIf we refuse your visa, we will let you know in writing. We will tell you:\nTo see your specific conditions use VEVO.\nThings you need to let us know about include:\nSee how to let us know if there is a change in your situation.\nYou must have a valid passport or other travel document to leave Australia.\nWe have an automated process that uses facial recognition technology and your ePassport. You might be able to leave the airport faster if you use SmartGate.\nRequest your international movement records to get proof of your travel in and out of Australia."
}