{
    "visaID": "visa7.1",
    "visaType": "visa7",
    "visaName": "Temporary Graduate (Replacement stream) visa (subclass 485)",
    "link_crawl": "https://immi.homeaffairs.gov.au/visas/getting-a-visa/visa-listing/repealed-visas/temporary-graduate-replacement-stream-visa-subclass-485",
    "content": "Temporary Graduate (Replacement stream) visa (subclass 485)\nYou can no longer apply for a Temporary Graduate (Replacement stream) visa (subclass 485) as a primary applicant. It was closed to new applications from 1 July 2024.\n1. Visa holders\nThis information is for people who have already been granted a Temporary Graduate (Replacement stream) visa (subclass 485), or for people who applied for the visa on or before 30 June 2024 and for which a decision has not yet been made. It explains your rights and obligations.\nYou can use Visa Entitlement Verification Online (VEVO) for free to check your visa details and entitlements.\n2. How long your visa lasts\nIf you already hold a Temporary Graduate (Replacement stream) visa (subclass 485), it will be valid until the expiry date you were given when your visa was granted.\n3. What this visa lets you do\nWith this visa, you can:\n4. Your obligations\nYou and your family must comply with all visa conditions and Australian laws.\nDuring your stay in Australia, you must:\n5. Family members\nIf your dependant family members did not apply to accompany you when you were first granted this visa, they can apply as a subsequent entrant from in or outside Australia while your visa remains valid.\nWhen your visa ends, your family must leave Australia with you.\nYour family must:\nWe will tell you if there are any other conditions they must comply with when you are granted the visa.\n6. Report changes in circumstances\nTell us if your circumstances change. This includes a new residential address, a new passport, or a pregnancy, birth or death in your family.\nFor further information, visit Changes in your situation."
}