{
    "visaID": "visa4.11.3",
    "visaType": "visa4.11",
    "visaName": "Hong Kong stream",
    "link_crawl": "https://immi.homeaffairs.gov.au/visas/getting-a-visa/visa-listing/skilled-independent-189/hong-kong",
    "content": "\n1. Skilled Independent visa (subclass 189)\n2. Hong Kong stream\nPermanently\nFrom AUD4,765.00\nFor an indication of processing times for this visa, use the visa processing time guide tool. This will show the processing times for recently decided applications. It is a guide only and not specific to your application.\nWe assess applications on a case-by-case basis, and actual processing times can vary due to individual circumstances including:\nSee all conditions\nIf you are getting help with your visa, before you pay someone, read information on Who can help with your visa application.\nApply now\n3. With this visa you can\nNewly arrived residents may have to wait before they can access certain Australian Government payments and benefits.\n4. How long you can stay\nThis is a permanent visa. It lets you stay in Australia indefinitely.\nThe visa has a travel component that expires 5 years after the date of visa grant.\nFor citizenship purposes, your permanent residence starts on the day:\n5. Include family\nYou can include members of the family unit in your application. You can:\nIf your partner or dependent children are not included in this application, tell us the reason why (for example, they already hold Australian citizenship or are a permanent resident).\nFamily members included in your application must meet our health and character requirements. Family members not accompanying you to Australia may also need to meet our health and character requirements.\n6. Cost\nThe visa costs AUD4,765.00 for the main applicant.\nThere is also a charge for each family member who applies for the visa with you.\nYou might have to pay an extra charge for any applicant 18 years old or older who has less than functional English. This charge is called the second instalment charge. Pay it only when we ask you to. We ask for the charge only if we are going to grant the visa.\nThe second instalment charge is AUD4,885.00.\nTo work out what your visa will cost use the Visa Pricing Estimator. The estimator does not take into account the second instalment or other costs. You might also have to pay other costs for health checks, police certificates and biometrics.\n7. Apply from\nYou can be in or outside Australia when you apply for the visa and when we decide on your application, but not in immigration clearance.\n8. Processing times\nFor an indication of processing times for this visa, use the visa processing time guide tool. This will show the processing times for recently decided applications. It is a guide only and not specific to your application.\nWe assess applications on a case-by-case basis, and actual processing times can vary due to individual circumstances including:\n9. Your obligations\nYou and your family must follow Australian laws.\n10. Travel\nYou can travel in and out of Australia as many times as you want for 5 years from the date we grant the visa. After 5 years you will need a Resident Return (RRV) to re-enter Australia as a permanent resident.\n11. Visa label\nWe will digitally link your visa to your passport. You will not get a label in your passport.\nYou must hold an eligible visa at the time your visa application is made, and you must have held that visa for at least 4 years prior to that date. Multiple visas, including visas of the same subclass, cannot be combined to meet this requirement.\nAn eligible visa is a subclass 457, 482 or 485 visa that was granted to you on the basis of satisfying the primary criteria.\nIf your eligible visa was granted before 9 July 2020\nYour visa must not expire after 8 July 2025.\nIf your eligible visa was granted on or after 9 July 2020\nYour visa must be valid for 5 years.\nYou must hold a Hong Kong or British National (Overseas) passport at the time your visa application is made.\nYou must have been usually resident in Australia for a continuous period of at least 4 years immediately before the date of your application.\nThe place that a person is 'usually resident' in is assessed by taking into account their physical residence (where the person eats, sleeps, has a home) and the person's intention to make that place their home.\nYou must have complied with the conditions attached to your eligible visa when in Australia. This requirement applies for the whole period you hold the visa(s).\nAt the time we make a decision on your application you must:\nYou and any family members who apply for the visa with you must meet our health requirement. Family members not accompanying you to Australia may also need to meet the health requirement.\nYou and family members aged 16 years and over who apply for the visa with you must meet our character requirement.\nWe will also need other family members not accompanying you to Australia to meet the character requirement.\nIf you are 18 years of age or older, you must:\nIf you or any family members (including those who do not apply for the visa with you) owe the Australian Government money, you or they must have paid it back or arranged to pay it back.\nWe will consider your immigration history when we make a decision on your application, which means you might not be eligible for this visa if you have had a visa cancelled or refused.\nIn some circumstances you may still apply for a permanent visa if you have had a visa cancelled or an application refused see Limitations on applications in Australia (129KB PDF).\nIf applying for a visa from outside Australia see Can I go to Australia.\nIf you want immigration assistance, see Who can help with your visa application.\nCheck that you meet requirements for this visa, including the residence requirements.\nWe prefer that you have any health checks before you apply for the visa.\nFind out the examinations you need and how to arrange them.\nOnly some people can help you with your application. If you appoint someone to give you immigration assistance they must be:\nYou can appoint anyone to receive documents on your behalf relating to your visa matter.\nYou will need to provide identity, character and other documents that evidence that you meet the criteria for this visa. Where applicable, your partner and any dependent children will also need to provide documents evidencing that they meet the criteria specific to them.\nProvide accurate information. See what may happen if you can't prove your identity or don't provide true information.\nProvide the pages of your current passport showing your photo, personal details, and passport issue and expiry dates.\nAlso provide:\nDocuments that prove a change of name include:\nYou must prove you have been usually resident in Australia for a continuous period of at least 4 years immediately before the date of the application.\nThe place that a person is 'usually resident' is assessed taking into account their physical residence (where the person eats, sleeps, has a home) and the person's intention to make that place their home.\nThis evidence should include the date you consider you began living in Australia.\nYour evidence might include but is not limited to:\nProvide an Australian police certificate if you have spent a total of 12 months or more in Australia in the last 10 years since you turned 16. We only accept complete disclosure National Police Certificates issued by the Australian Federal Police. We don't accept standard disclosure certificates or national police certificates issued by Australian state or territory police. For immigration purposes, Australian police certificates are valid for 12 months from the date of issue.\nAlso provide:\nComplete and provide the following forms:\nProvide proof that all applicants aged 18 years and older have at least functional English.\nApplicants aged 18 years and older, who can't provide evidence of functional English, will need to pay the second instalment of the visa application charge when we ask for it.\nIf you are or have been married, widowed, divorced or permanently separated, provide proof such as marriage certificate, divorce documents, death certificates, separation documents or statutory declarations.\nIf your partner or dependent children are not included in this application, tell us the reason why (for example, they already hold Australian citizenship or are a permanent resident).\nProvide:\nFor de facto relationships provide either:\nFor both married and de facto applicants you must provide evidence that you are in a genuine and continuing relationship. Evidence can include but is not limited to:\nFor every dependant 18 years old or younger who is applying with you, provide:\nYou must get consent for any applicant under 18 years of age to migrate to Australia from anyone who:\nThey must complete either:\nAlternatively, you can show us:\nInclude:\nYou don't have to prove that your dependant under 18 years of age has functional English.\nNote: If your child is likely to turn 18 while your application is being processed, you will need to provide evidence they are dependent on you. See the section 'Dependants over 18 documents' below for further information. A child who turns 18 while your application is being processed and who is not dependent on you cannot satisfy the criteria for this visa.\nFamily members included in your application do not need an eligible visa unless they are no longer considered a member of the family unit. In this case, they must hold an eligible visa granted on the basis they were a member of your family unit.\nDependants over 18 without an eligible visa\nIf your child is over 18 years of age and does not hold an eligible visa, they must meet additional requirements to be included in your application.\nIf your child is:\nIf your child is likely to turn 23 while your application is being processed, you will need to provide evidence they are dependent on you due to disability.\nProvide:\nYou must also provide proof your child is dependent on you.\nNote: A child cannot satisfy the criteria for this visa if they turn 23 while your application is being processed and they do not meet these requirements.\nTo nominate someone to:\nUpload your written notification or your forms to ImmiAccount.\nHave all non-English documents translated into English.\nProvide original and translated documents in your application.\nTranslators in Australia must be accredited by the National Accreditation Authority for Translators and Interpreters.\nTranslators outside Australia do not have to be accredited but on each translation, they must include their:\nThese details must be in English.\nScan or photograph all documents (English and non-English) in colour.\nThe scans and photos must be clear.\nNote: You do not need to have any documents certified\nIf a document is more than one page, save it all as one file.\nYou must apply for this visa online. You can be inside or outside Australia when you apply.\nProvide accurate information. See what happens if you can't prove your identity or don't provide true information.\nWe will let you know when we have received your application.\nIf you are granted a bridging visa you will receive notification of your visa grant.\nWe do not give updates on applications under assessment.\nYou can check if we need more information from you in ImmiAccount.\nIf you are in Australia, you don't have to tell us if you want to travel outside Australia while we process your application. This is because you can be outside Australia when we make a decision.\nBut if you leave Australia, make sure you have a valid visa to return. To see if you can return on your current visa, check VEVO.\nLearn about visa expiry.\nWe will let you know if you need health examinations.\nWe might ask for biometrics (fingerprints and photo). We will let you know if you need to provide them.\nIf you did not attach all documents when you applied, attach them as soon as you can in ImmiAccount.\nWe might also ask you to provide more information; however we are not obliged to do so and we may make a decision on your application without asking for more documents.\nIf you are in Australia, make sure you stay lawful by holding a valid visa while we process your application.\nIf you made a valid application for this visa in Australia, you are usually eligible to be granted a bridging visa. If your current visa expires before we decide on your application, the bridging visa will come into effect if you do not hold another substantive visa.\nYou can stay in Australia lawfully as the holder of a substantive or bridging visa while we process your visa application.\nDo not ask to have the visa you currently hold cancelled. If your visa is cancelled:\nLearn more about visa expiry.\nIf you need to pay a second instalment, pay it when we send you the invoice.\nYou can add members of the family unit to your application after you apply but before we decide on your visa.\nComplete Form 1436 - Adding an additional applicant after lodgement (481KB PDF), pay using ImmiAccount, attach the form and supporting documents to your ImmiAccount.\nFamily members who apply for the visa must meet our health and character requirements.\nFamily members who are not coming to Australia do have to meet our character requirement and might have to meet our health requirement.\nIf your child is born after you submit your application but before we decide on your visa, you must tell us as soon as possible.\nFind out what to do if your child is born after you apply.\nYou must tell us as soon as possible if you made a mistake on your application.\nComplete Form 1023 Notification of incorrect answers (168KB PDF) and attach it in ImmiAccount.\nLet us know if you no longer want someone to:\nUpload your written notification or your forms to ImmiAccount.\nFor more information see Who can help you with your application.\nThings you need to let us know about after you have applied include:\nSee how to tell us if your situation changes.\nYou can be in or outside Australia when we decide your visa application but not in immigration clearance. We will let you know our decision in writing.\nIf we grant your visa, we will tell you:\nKeep a copy of the decision.\nIf we refuse your visa, we will tell you:\nWe will not refund the application charge if we refuse your application.\nIf you are outside Australia when the visa is granted, you must enter Australia before a date that we specify on your visa grant letter.\nYou must have:\nAll people arriving in Australia must complete the Incoming Passenger Card. You will be given this card onboard.\nWe have an automated process that uses facial recognition technology and your ePassport. You might be able to leave the airport faster if you use SmartGates.\nYou and your family members must obey Australian laws.\nThis is a permanent visa. It lets you stay in Australia indefinitely.\nYou can travel to and from Australia for 5 years from the date we grant the visa. After 5 years you will need a Resident Return (RRV) visa (subclass 155 or 157) to re-enter Australia as a permanent resident. To see when the 5 years ends, use VEVO.\nIf an immigration officer processes your clearance at our border, we recommend you tell them:\nIf you don't tell them, you might be granted a subclass 444 visa. Grant of a subclass 444 visa will cease your permanent visa, which will then affect your eligibility for Australian citizenship.\nTo prove you have a visa and show your conditions to someone, use VEVO.\nYou are protected by Australian workplace law. See your workplace rights and entitlements.\nAs an Australian permanent resident, you might be able to sponsor eligible family to come to Australia. To find a visa for your family member, explore visa options.\nAfter a certain time, you might be eligible for Australian citizenship. Find out more about becoming a citizen.\nFor citizenship purposes, your permanent residence starts on the day:\nYou must have a valid passport or other travel document to leave Australia and return.\nCheck the travel component of your visa in VEVO.\nSee what to do if your visa has expired or is about to expire.\nWe have an automated process that uses facial recognition technology and your ePassport. You could leave the airport faster if you use SmartGates.\nRequest your international movement records to get proof of your travel in and out of Australia."
}